camera_brand,file_name,file_path,url
Sony,image_0.jpg,./camera_dataset/train/Sony/image_0.jpg,https://live.staticflickr.com/65535/54203506554_15d82a11e0_o.jpg
Sony,image_1.jpg,./camera_dataset/train/Sony/image_1.jpg,https://live.staticflickr.com/65535/54203503438_e2f65568fd_o.jpg
Sony,image_2.jpg,./camera_dataset/train/Sony/image_2.jpg,https://live.staticflickr.com/65535/54202355422_0ac9027279_o.jpg
Sony,image_3.jpg,./camera_dataset/train/Sony/image_3.jpg,https://live.staticflickr.com/65535/54202355417_edcdaec831_o.jpg
Sony,image_4.jpg,./camera_dataset/train/Sony/image_4.jpg,https://live.staticflickr.com/65535/54203503428_ff67cb0de7_o.jpg
Sony,image_5.jpg,./camera_dataset/train/Sony/image_5.jpg,https://live.staticflickr.com/65535/54203503403_8585b280a7_o.jpg
Sony,image_6.jpg,./camera_dataset/train/Sony/image_6.jpg,https://live.staticflickr.com/65535/54203678665_61757b65dc_o.jpg
Sony,image_7.jpg,./camera_dataset/train/Sony/image_7.jpg,https://live.staticflickr.com/65535/54203506474_108ce66b4c_o.jpg
Sony,image_8.jpg,./camera_dataset/train/Sony/image_8.jpg,https://live.staticflickr.com/65535/54203251936_fa5af15894_o.jpg
Sony,image_9.jpg,./camera_dataset/train/Sony/image_9.jpg,https://live.staticflickr.com/65535/54202355277_ab12e0a9a8_o.jpg
Sony,image_10.jpg,./camera_dataset/train/Sony/image_10.jpg,https://live.staticflickr.com/65535/54203251841_6e676e9035_o.jpg
Sony,image_11.jpg,./camera_dataset/train/Sony/image_11.jpg,https://live.staticflickr.com/65535/54203678530_8fb9153859_o.jpg
Sony,image_12.jpg,./camera_dataset/train/Sony/image_12.jpg,https://live.staticflickr.com/65535/54202355237_f60c7742b4_o.jpg
Sony,image_13.jpg,./camera_dataset/train/Sony/image_13.jpg,https://live.staticflickr.com/65535/54203251726_210b947d9c_o.jpg
Sony,image_14.jpg,./camera_dataset/train/Sony/image_14.jpg,https://live.staticflickr.com/65535/54203503148_d8b9411f30_o.jpg
Sony,image_15.jpg,./camera_dataset/train/Sony/image_15.jpg,https://live.staticflickr.com/65535/54203506274_09360959f3_o.jpg
Sony,image_16.jpg,./camera_dataset/train/Sony/image_16.jpg,https://live.staticflickr.com/65535/54203506239_6ce976c871_o.jpg
Sony,image_18.jpg,./camera_dataset/train/Sony/image_18.jpg,https://live.staticflickr.com/65535/54203243371_011d7b7bcc_o.jpg
Sony,image_19.jpg,./camera_dataset/train/Sony/image_19.jpg,https://live.staticflickr.com/65535/54203492558_6a212110a6_o.jpg
Sony,image_20.jpg,./camera_dataset/train/Sony/image_20.jpg,https://live.staticflickr.com/65535/54203492553_46b5bd1996_o.jpg
Sony,image_21.jpg,./camera_dataset/train/Sony/image_21.jpg,https://live.staticflickr.com/65535/54203489183_94f196e5e6_o.jpg
Sony,image_22.jpg,./camera_dataset/train/Sony/image_22.jpg,https://live.staticflickr.com/65535/54203233596_f1117e6e9f_o.jpg
Sony,image_23.jpg,./camera_dataset/train/Sony/image_23.jpg,https://live.staticflickr.com/65535/54203654470_d0e684445f_o.jpg
Sony,image_24.jpg,./camera_dataset/train/Sony/image_24.jpg,https://live.staticflickr.com/65535/54203226746_ebb07e306d_o.jpg
Sony,image_25.jpg,./camera_dataset/train/Sony/image_25.jpg,https://live.staticflickr.com/65535/54203481684_65c2659b9c_o.jpg
Sony,image_26.jpg,./camera_dataset/train/Sony/image_26.jpg,https://live.staticflickr.com/65535/54203481479_06144438ce_o.jpg
Sony,image_27.jpg,./camera_dataset/train/Sony/image_27.jpg,https://live.staticflickr.com/65535/54203215056_959f965993_o.jpg
Sony,image_28.jpg,./camera_dataset/train/Sony/image_28.jpg,https://live.staticflickr.com/65535/54202318817_1479e0f19b_o.jpg
Sony,image_33.jpg,./camera_dataset/train/Sony/image_33.jpg,https://live.staticflickr.com/65535/54203449498_67cabb7ba5_o.jpg
Sony,image_36.jpg,./camera_dataset/train/Sony/image_36.jpg,https://live.staticflickr.com/65535/54203440528_ed20b40afe_o.jpg
Sony,image_38.jpg,./camera_dataset/train/Sony/image_38.jpg,https://live.staticflickr.com/65535/54203424293_3fb3e1f106_o.jpg
Sony,image_39.jpg,./camera_dataset/train/Sony/image_39.jpg,https://live.staticflickr.com/65535/54203415783_9d67d61abf_o.jpg
Sony,image_45.jpg,./camera_dataset/train/Sony/image_45.jpg,https://live.staticflickr.com/65535/54202230037_8439a1db2a_o.jpg
Sony,image_64.jpg,./camera_dataset/train/Sony/image_64.jpg,https://live.staticflickr.com/65535/54203362738_d53d7a8130_o.jpg
Sony,image_65.jpg,./camera_dataset/train/Sony/image_65.jpg,https://live.staticflickr.com/65535/54203537190_19ec1cae9d_o.jpg
Sony,image_67.jpg,./camera_dataset/train/Sony/image_67.jpg,https://live.staticflickr.com/65535/54203074856_126605747b_o.jpg
Sony,image_69.jpg,./camera_dataset/train/Sony/image_69.jpg,https://live.staticflickr.com/65535/54203300339_c03a110404_o.jpg
Sony,image_70.jpg,./camera_dataset/train/Sony/image_70.jpg,https://live.staticflickr.com/65535/54203471435_e387ff7452_o.jpg
Sony,image_71.jpg,./camera_dataset/train/Sony/image_71.jpg,https://live.staticflickr.com/65535/54202139232_cb7283c688_o.jpg
Sony,image_77.jpg,./camera_dataset/train/Sony/image_77.jpg,https://live.staticflickr.com/65535/54203261948_c8c90185a7_o.jpg
Sony,image_78.jpg,./camera_dataset/train/Sony/image_78.jpg,https://live.staticflickr.com/65535/54203010071_c7d132e44e_o.jpg
Sony,image_79.jpg,./camera_dataset/train/Sony/image_79.jpg,https://live.staticflickr.com/65535/54203261963_5d219e5ccc_o.jpg
Sony,image_84.jpg,./camera_dataset/train/Sony/image_84.jpg,https://live.staticflickr.com/65535/54203229648_553742d15c_o.jpg
Sony,image_86.jpg,./camera_dataset/train/Sony/image_86.jpg,https://live.staticflickr.com/65535/54203231773_6de57c8842_o.jpg
Sony,image_87.jpg,./camera_dataset/train/Sony/image_87.jpg,https://live.staticflickr.com/65535/54203406225_f9aac7957b_o.jpg
Sony,image_88.jpg,./camera_dataset/train/Sony/image_88.jpg,https://live.staticflickr.com/65535/54203045950_e30032baa7_o.jpg
Sony,image_89.jpg,./camera_dataset/train/Sony/image_89.jpg,https://live.staticflickr.com/65535/54182938394_fb1eae549c_o.jpg
Sony,image_93.jpg,./camera_dataset/train/Sony/image_93.jpg,https://live.staticflickr.com/65535/54203210099_464cf68f5e_o.jpg
Sony,image_98.jpg,./camera_dataset/train/Sony/image_98.jpg,https://live.staticflickr.com/65535/54203366290_a37f304776_o.jpg
Sony,image_102.jpg,./camera_dataset/train/Sony/image_102.jpg,https://live.staticflickr.com/65535/54203161453_a447280d05_o.jpg
Sony,image_103.jpg,./camera_dataset/train/Sony/image_103.jpg,https://live.staticflickr.com/65535/54202004472_b0919d4297_o.jpg
Sony,image_104.jpg,./camera_dataset/train/Sony/image_104.jpg,https://live.staticflickr.com/65535/54202890531_9916165fd0_o.jpg
Sony,image_105.jpg,./camera_dataset/train/Sony/image_105.jpg,https://live.staticflickr.com/65535/54203317230_dd5985bdb3_o.jpg
Sony,image_106.jpg,./camera_dataset/train/Sony/image_106.jpg,https://live.staticflickr.com/65535/54203143019_7904587847_o.jpg
Sony,image_114.jpg,./camera_dataset/train/Sony/image_114.jpg,https://live.staticflickr.com/65535/54201964907_64198ddff8_o.jpg
Sony,image_115.jpg,./camera_dataset/train/Sony/image_115.jpg,https://live.staticflickr.com/65535/54203289815_9d38a9cd27_o.jpg
Sony,image_116.jpg,./camera_dataset/train/Sony/image_116.jpg,https://live.staticflickr.com/65535/54201964862_5aceabfb3e_o.jpg
Sony,image_117.jpg,./camera_dataset/train/Sony/image_117.jpg,https://live.staticflickr.com/65535/54201964857_e4291faa24_o.jpg
Sony,image_118.jpg,./camera_dataset/train/Sony/image_118.jpg,https://live.staticflickr.com/65535/54201964837_ec8bcc50e7_o.jpg
Sony,image_119.jpg,./camera_dataset/train/Sony/image_119.jpg,https://live.staticflickr.com/65535/54203289755_6a51ae5a97_o.jpg
Sony,image_120.jpg,./camera_dataset/train/Sony/image_120.jpg,https://live.staticflickr.com/65535/54203115454_e1923d35f5_o.jpg
Sony,image_121.jpg,./camera_dataset/train/Sony/image_121.jpg,https://live.staticflickr.com/65535/54203289740_d9067575f8_o.jpg
Sony,image_122.jpg,./camera_dataset/train/Sony/image_122.jpg,https://live.staticflickr.com/65535/54203115434_19239f0fe9_o.jpg
Sony,image_184.jpg,./camera_dataset/train/Sony/image_184.jpg,https://live.staticflickr.com/65535/54203080213_52380d9fca_o.jpg
Sony,image_185.jpg,./camera_dataset/train/Sony/image_185.jpg,https://live.staticflickr.com/65535/54201926017_cfd8ac9bda_o.jpg
Sony,image_192.jpg,./camera_dataset/train/Sony/image_192.jpg,https://live.staticflickr.com/65535/54203189230_1616af8a98_o.jpg
Sony,image_193.jpg,./camera_dataset/train/Sony/image_193.jpg,https://live.staticflickr.com/65535/54202907850_0d13f69d8b_o.jpg
Sony,image_194.jpg,./camera_dataset/train/Sony/image_194.jpg,https://live.staticflickr.com/65535/54201581877_dc45c26a8b_o.jpg
Sony,image_195.jpg,./camera_dataset/train/Sony/image_195.jpg,https://live.staticflickr.com/65535/54201580967_7714b84799_o.jpg
Sony,image_196.jpg,./camera_dataset/train/Sony/image_196.jpg,https://live.staticflickr.com/65535/54202733989_42feef1ba6_o.jpg
Sony,image_197.jpg,./camera_dataset/train/Sony/image_197.jpg,https://live.staticflickr.com/65535/54202475486_157db51b26_o.jpg
Sony,image_198.jpg,./camera_dataset/train/Sony/image_198.jpg,https://live.staticflickr.com/65535/54202730704_5304a10244_o.jpg
Sony,image_199.jpg,./camera_dataset/train/Sony/image_199.jpg,https://live.staticflickr.com/65535/54202728559_e9f51b54f7_o.jpg
Sony,image_200.jpg,./camera_dataset/train/Sony/image_200.jpg,https://live.staticflickr.com/65535/54201574747_4fef6a7a54_o.jpg
Sony,image_201.jpg,./camera_dataset/train/Sony/image_201.jpg,https://live.staticflickr.com/65535/54201573687_785a47de98_o.jpg
Sony,image_202.jpg,./camera_dataset/train/Sony/image_202.jpg,https://live.staticflickr.com/65535/54202898365_295ba8946f_o.jpg
Sony,image_203.jpg,./camera_dataset/train/Sony/image_203.jpg,https://live.staticflickr.com/65535/54202724254_430e6afe6e_o.jpg
Sony,image_204.jpg,./camera_dataset/train/Sony/image_204.jpg,https://live.staticflickr.com/65535/54202717148_5fcb756041_o.jpg
Sony,image_205.jpg,./camera_dataset/train/Sony/image_205.jpg,https://live.staticflickr.com/65535/54202714233_6a9b15df72_o.jpg
Sony,image_206.jpg,./camera_dataset/train/Sony/image_206.jpg,https://live.staticflickr.com/65535/54202720689_60767b970b_o.jpg
Sony,image_207.jpg,./camera_dataset/train/Sony/image_207.jpg,https://live.staticflickr.com/65535/54201566322_997198baae_o.jpg
Sony,image_208.jpg,./camera_dataset/train/Sony/image_208.jpg,https://live.staticflickr.com/65535/54202889355_3aefa658d4_o.jpg
Sony,image_209.jpg,./camera_dataset/train/Sony/image_209.jpg,https://live.staticflickr.com/65535/54202717084_0909f698a2_o.jpg
Sony,image_210.jpg,./camera_dataset/train/Sony/image_210.jpg,https://live.staticflickr.com/65535/54202716499_bca0c5656f_o.jpg
Sony,image_211.jpg,./camera_dataset/train/Sony/image_211.jpg,https://live.staticflickr.com/65535/54202459841_4ddf437a09_o.jpg
Sony,image_212.jpg,./camera_dataset/train/Sony/image_212.jpg,https://live.staticflickr.com/65535/54202886285_86f9ac8f32_o.jpg
Sony,image_213.jpg,./camera_dataset/train/Sony/image_213.jpg,https://live.staticflickr.com/65535/54202713544_6134ef025b_o.jpg
Sony,image_214.jpg,./camera_dataset/train/Sony/image_214.jpg,https://live.staticflickr.com/65535/54202705188_882976b318_o.jpg
Sony,image_215.jpg,./camera_dataset/train/Sony/image_215.jpg,https://live.staticflickr.com/65535/54202703663_faa6bf9966_o.jpg
Sony,image_216.jpg,./camera_dataset/train/Sony/image_216.jpg,https://live.staticflickr.com/65535/54202454456_f13a74f693_o.jpg
Sony,image_217.jpg,./camera_dataset/train/Sony/image_217.jpg,https://live.staticflickr.com/65535/54202454166_fcc3109c85_o.jpg
Sony,image_218.jpg,./camera_dataset/train/Sony/image_218.jpg,https://live.staticflickr.com/65535/54202709759_0c3a90b20d_o.jpg
Sony,image_219.jpg,./camera_dataset/train/Sony/image_219.jpg,https://live.staticflickr.com/65535/54202702463_602d999d22_o.jpg
Sony,image_220.jpg,./camera_dataset/train/Sony/image_220.jpg,https://live.staticflickr.com/65535/54202453366_a72735e931_o.jpg
Sony,image_221.jpg,./camera_dataset/train/Sony/image_221.jpg,https://live.staticflickr.com/65535/54201556012_13d4bc0466_o.jpg
Sony,image_222.jpg,./camera_dataset/train/Sony/image_222.jpg,https://live.staticflickr.com/65535/54202701648_c6a634a287_o.jpg
Sony,image_223.jpg,./camera_dataset/train/Sony/image_223.jpg,https://live.staticflickr.com/65535/54202700903_d7148bf0e2_o.jpg
Sony,image_224.jpg,./camera_dataset/train/Sony/image_224.jpg,https://live.staticflickr.com/65535/54202451861_2409f9edcf_o.jpg
Sony,image_225.jpg,./camera_dataset/train/Sony/image_225.jpg,https://live.staticflickr.com/65535/54202706669_45372e0480_o.jpg
Sony,image_226.jpg,./camera_dataset/train/Sony/image_226.jpg,https://live.staticflickr.com/65535/54202877555_c530e5d6a6_o.jpg
Sony,image_227.jpg,./camera_dataset/train/Sony/image_227.jpg,https://live.staticflickr.com/65535/54202876660_d6f2e27f6a_o.jpg
Sony,image_228.jpg,./camera_dataset/train/Sony/image_228.jpg,https://live.staticflickr.com/65535/54202697178_ca0f0728b9_o.jpg
Sony,image_229.jpg,./camera_dataset/train/Sony/image_229.jpg,https://live.staticflickr.com/65535/54201551067_f59b7869c1_o.jpg
Sony,image_230.jpg,./camera_dataset/train/Sony/image_230.jpg,https://live.staticflickr.com/65535/54202874720_f439f0af31_o.jpg
Sony,image_231.jpg,./camera_dataset/train/Sony/image_231.jpg,https://live.staticflickr.com/65535/54202874645_fd218d83d0_o.jpg
Sony,image_232.jpg,./camera_dataset/train/Sony/image_232.jpg,https://live.staticflickr.com/65535/54202702749_b1efcacace_o.jpg
Sony,image_233.jpg,./camera_dataset/train/Sony/image_233.jpg,https://live.staticflickr.com/65535/54202444656_2e82f7559e_o.jpg
Sony,image_234.jpg,./camera_dataset/train/Sony/image_234.jpg,https://live.staticflickr.com/65535/54202700349_40846ce423_o.jpg
Sony,image_235.jpg,./camera_dataset/train/Sony/image_235.jpg,https://live.staticflickr.com/65535/54202692753_98432623ff_o.jpg
Sony,image_236.jpg,./camera_dataset/train/Sony/image_236.jpg,https://live.staticflickr.com/65535/54202443361_002775c5c7_o.jpg
Sony,image_237.jpg,./camera_dataset/train/Sony/image_237.jpg,https://live.staticflickr.com/65535/54202870115_9cb82c55fd_o.jpg
Sony,image_238.jpg,./camera_dataset/train/Sony/image_238.jpg,https://live.staticflickr.com/65535/54202869885_1842f018a3_o.jpg
Sony,image_239.jpg,./camera_dataset/train/Sony/image_239.jpg,https://live.staticflickr.com/65535/54201545027_8135d9b69c_o.jpg
Sony,image_240.jpg,./camera_dataset/train/Sony/image_240.jpg,https://live.staticflickr.com/65535/54202868735_de6c2a4985_o.jpg
Sony,image_241.jpg,./camera_dataset/train/Sony/image_241.jpg,https://live.staticflickr.com/65535/54202440061_8f62d9b954_o.jpg
Sony,image_242.jpg,./camera_dataset/train/Sony/image_242.jpg,https://live.staticflickr.com/65535/54202439556_dbdbeb2180_o.jpg
Sony,image_243.jpg,./camera_dataset/train/Sony/image_243.jpg,https://live.staticflickr.com/65535/54202866600_9db3156890_o.jpg
Sony,image_244.jpg,./camera_dataset/train/Sony/image_244.jpg,https://live.staticflickr.com/65535/54202866420_d1a9749cf3_o.jpg
Sony,image_245.jpg,./camera_dataset/train/Sony/image_245.jpg,https://live.staticflickr.com/65535/54202439176_3e654a4d86_o.jpg
Sony,image_246.jpg,./camera_dataset/train/Sony/image_246.jpg,https://live.staticflickr.com/65535/54202438836_06ed07a4e2_o.jpg
Sony,image_247.jpg,./camera_dataset/train/Sony/image_247.jpg,https://live.staticflickr.com/65535/54202687248_c77b5c6d96_o.jpg
Sony,image_248.jpg,./camera_dataset/train/Sony/image_248.jpg,https://live.staticflickr.com/65535/54202865790_2a5209cd94_o.jpg
Sony,image_249.jpg,./camera_dataset/train/Sony/image_249.jpg,https://live.staticflickr.com/65535/54202865640_b50102a7e8_o.jpg
Sony,image_250.jpg,./camera_dataset/train/Sony/image_250.jpg,https://live.staticflickr.com/65535/54202438416_32f7e93f50_o.jpg
Sony,image_251.jpg,./camera_dataset/train/Sony/image_251.jpg,https://live.staticflickr.com/65535/54202694094_5eba6ca287_o.jpg
Sony,image_252.jpg,./camera_dataset/train/Sony/image_252.jpg,https://live.staticflickr.com/65535/54202694084_b7baa2da59_o.jpg
Sony,image_253.jpg,./camera_dataset/train/Sony/image_253.jpg,https://live.staticflickr.com/65535/54202865245_860a016f04_o.jpg
Sony,image_254.jpg,./camera_dataset/train/Sony/image_254.jpg,https://live.staticflickr.com/65535/54202686568_7ef3c771b0_o.jpg
Sony,image_255.jpg,./camera_dataset/train/Sony/image_255.jpg,https://live.staticflickr.com/65535/54202864715_9808f1f2f0_o.jpg
Sony,image_256.jpg,./camera_dataset/train/Sony/image_256.jpg,https://live.staticflickr.com/65535/54202985988_f6aa94c058_o.jpg
Sony,image_257.jpg,./camera_dataset/train/Sony/image_257.jpg,https://live.staticflickr.com/65535/54202734121_eb815f9010_o.jpg
Sony,image_258.jpg,./camera_dataset/train/Sony/image_258.jpg,https://live.staticflickr.com/65535/54201838357_f134b077aa_o.jpg
Sony,image_259.jpg,./camera_dataset/train/Sony/image_259.jpg,https://live.staticflickr.com/65535/54202733801_a6dfd2e206_o.jpg
Sony,image_260.jpg,./camera_dataset/train/Sony/image_260.jpg,https://live.staticflickr.com/65535/54202988959_f2833ac0f6_o.jpg
Sony,image_261.jpg,./camera_dataset/train/Sony/image_261.jpg,https://live.staticflickr.com/65535/54201837972_2df9ae289e_o.jpg
Sony,image_262.jpg,./camera_dataset/train/Sony/image_262.jpg,https://live.staticflickr.com/65535/54202985273_1ca415b13b_o.jpg
Sony,image_263.jpg,./camera_dataset/train/Sony/image_263.jpg,https://live.staticflickr.com/65535/54202984868_76fd5223e7_o.jpg
Sony,image_264.jpg,./camera_dataset/train/Sony/image_264.jpg,https://live.staticflickr.com/65535/54201837187_a091020efb_o.jpg
Sony,image_265.jpg,./camera_dataset/train/Sony/image_265.jpg,https://live.staticflickr.com/65535/54202984368_7daf7575ed_o.jpg
Sony,image_266.jpg,./camera_dataset/train/Sony/image_266.jpg,https://live.staticflickr.com/65535/54202987779_da28c62ea8_o.jpg
Sony,image_267.jpg,./camera_dataset/train/Sony/image_267.jpg,https://live.staticflickr.com/65535/54202984198_f126f8c86a_o.jpg
Sony,image_268.jpg,./camera_dataset/train/Sony/image_268.jpg,https://live.staticflickr.com/65535/54202731976_f983557095_o.jpg
Sony,image_269.jpg,./camera_dataset/train/Sony/image_269.jpg,https://live.staticflickr.com/65535/54202731146_3dcc6017d8_o.jpg
Sony,image_270.jpg,./camera_dataset/train/Sony/image_270.jpg,https://live.staticflickr.com/65535/54202986064_aeb33d9a83_o.jpg
Sony,image_271.jpg,./camera_dataset/train/Sony/image_271.jpg,https://live.staticflickr.com/65535/54203159250_4e49577ea2_o.jpg
Sony,image_272.jpg,./camera_dataset/train/Sony/image_272.jpg,https://live.staticflickr.com/65535/54202985434_8b5756c59d_o.jpg
Sony,image_273.jpg,./camera_dataset/train/Sony/image_273.jpg,https://live.staticflickr.com/65535/54202985134_f74047f3f0_o.jpg
Sony,image_274.jpg,./camera_dataset/train/Sony/image_274.jpg,https://live.staticflickr.com/65535/54202981218_66abe2f12b_o.jpg
Sony,image_275.jpg,./camera_dataset/train/Sony/image_275.jpg,https://live.staticflickr.com/65535/54201832722_f42de92590_o.jpg
Sony,image_276.jpg,./camera_dataset/train/Sony/image_276.jpg,https://live.staticflickr.com/65535/54202980283_a50576097a_o.jpg
Sony,image_277.jpg,./camera_dataset/train/Sony/image_277.jpg,https://live.staticflickr.com/65535/54203156180_3efbb6d8f0_o.jpg
Sony,image_278.jpg,./camera_dataset/train/Sony/image_278.jpg,https://live.staticflickr.com/65535/54203155890_17eb3faf73_o.jpg
Sony,image_279.jpg,./camera_dataset/train/Sony/image_279.jpg,https://live.staticflickr.com/65535/54202735831_a2ab5cf549_o.jpg
Sony,image_280.jpg,./camera_dataset/train/Sony/image_280.jpg,https://live.staticflickr.com/65535/54203164605_7b56586d26_o.jpg
Sony,image_281.jpg,./camera_dataset/train/Sony/image_281.jpg,https://live.staticflickr.com/65535/54202991034_2326f77a0e_o.jpg
Sony,image_282.jpg,./camera_dataset/train/Sony/image_282.jpg,https://live.staticflickr.com/65535/54202987443_a3e33d01a2_o.jpg
Sony,image_283.jpg,./camera_dataset/train/Sony/image_283.jpg,https://live.staticflickr.com/65535/54203164555_f4367b3f33_o.jpg
Sony,image_284.jpg,./camera_dataset/train/Sony/image_284.jpg,https://live.staticflickr.com/65535/54203143925_7fc1a05191_o.jpg
Sony,image_285.jpg,./camera_dataset/train/Sony/image_285.jpg,https://live.staticflickr.com/65535/54202969094_4872decfdf_o.png
Sony,image_286.jpg,./camera_dataset/train/Sony/image_286.jpg,https://live.staticflickr.com/65535/54203141960_4783f997df_o.jpg
Sony,image_287.jpg,./camera_dataset/train/Sony/image_287.jpg,https://live.staticflickr.com/65535/54202967109_53e1d03829_o.png
Sony,image_289.jpg,./camera_dataset/train/Sony/image_289.jpg,https://live.staticflickr.com/65535/54202693131_d5e96ae6b0_o.jpg
Sony,image_290.jpg,./camera_dataset/train/Sony/image_290.jpg,https://live.staticflickr.com/65535/54203119985_43d994319d_o.jpg
Sony,image_291.jpg,./camera_dataset/train/Sony/image_291.jpg,https://live.staticflickr.com/65535/54202945444_8a21d1cc30_o.jpg
Sony,image_292.jpg,./camera_dataset/train/Sony/image_292.jpg,https://live.staticflickr.com/65535/54203117505_43ab1f0376_o.jpg
Sony,image_293.jpg,./camera_dataset/train/Sony/image_293.jpg,https://live.staticflickr.com/65535/54202942679_e85ba30a5e_o.jpg
Sony,image_294.jpg,./camera_dataset/train/Sony/image_294.jpg,https://live.staticflickr.com/65535/54202938974_1e62d92e5d_o.jpg
Sony,image_295.jpg,./camera_dataset/train/Sony/image_295.jpg,https://live.staticflickr.com/65535/54202936704_5d8ceb93d4_o.jpg
Sony,image_299.jpg,./camera_dataset/train/Sony/image_299.jpg,https://live.staticflickr.com/65535/54203074595_666a04af06_o.jpg
Sony,image_300.jpg,./camera_dataset/train/Sony/image_300.jpg,https://live.staticflickr.com/65535/54202897173_d1179ec5fd_o.jpg
Sony,image_301.jpg,./camera_dataset/train/Sony/image_301.jpg,https://live.staticflickr.com/65535/54202901359_726c5eb71b_o.jpg
Sony,image_302.jpg,./camera_dataset/train/Sony/image_302.jpg,https://live.staticflickr.com/65535/54202900749_17e4f1ec95_o.jpg
Sony,image_305.jpg,./camera_dataset/train/Sony/image_305.jpg,https://live.staticflickr.com/65535/54201717927_cb554ceabd_o.jpg
Sony,image_306.jpg,./camera_dataset/train/Sony/image_306.jpg,https://live.staticflickr.com/65535/54201717942_f240f9e414_o.jpg
Sony,image_307.jpg,./camera_dataset/train/Sony/image_307.jpg,https://live.staticflickr.com/65535/54202869724_4f3a4aa67b_o.jpg
Sony,image_308.jpg,./camera_dataset/train/Sony/image_308.jpg,https://live.staticflickr.com/65535/54203042610_3fbf711d9e_o.jpg
Sony,image_309.jpg,./camera_dataset/train/Sony/image_309.jpg,https://live.staticflickr.com/65535/54202615481_01c9542125_o.jpg
Sony,image_311.jpg,./camera_dataset/train/Sony/image_311.jpg,https://live.staticflickr.com/65535/54202852023_0f1f6912d4_o.jpg
Sony,image_312.jpg,./camera_dataset/train/Sony/image_312.jpg,https://live.staticflickr.com/65535/54202600231_7361f01586_o.jpg
Sony,image_321.jpg,./camera_dataset/train/Sony/image_321.jpg,https://live.staticflickr.com/65535/54201685757_8948e820f1_o.jpg
Sony,image_322.jpg,./camera_dataset/train/Sony/image_322.jpg,https://live.staticflickr.com/65535/54201685722_4c511d340c_o.jpg
Sony,image_323.jpg,./camera_dataset/train/Sony/image_323.jpg,https://live.staticflickr.com/65535/54203010320_b6ecbda5ed_o.jpg
Sony,image_324.jpg,./camera_dataset/train/Sony/image_324.jpg,https://live.staticflickr.com/65535/54203010185_d91a49b9f1_o.jpg
Sony,image_325.jpg,./camera_dataset/train/Sony/image_325.jpg,https://live.staticflickr.com/65535/54203010180_017d6d88e0_o.jpg
Sony,image_326.jpg,./camera_dataset/train/Sony/image_326.jpg,https://live.staticflickr.com/65535/54201679437_4fa6b9f0d6_o.jpg
Sony,image_327.jpg,./camera_dataset/train/Sony/image_327.jpg,https://live.staticflickr.com/65535/54202831764_ef55454634_o.jpg
Sony,image_328.jpg,./camera_dataset/train/Sony/image_328.jpg,https://live.staticflickr.com/65535/54202576976_0229e71b0f_o.jpg
Sony,image_329.jpg,./camera_dataset/train/Sony/image_329.jpg,https://live.staticflickr.com/65535/54201679292_45c3ea3984_o.jpg
Sony,image_330.jpg,./camera_dataset/train/Sony/image_330.jpg,https://live.staticflickr.com/65535/54201679297_2c889bf9d0_o.jpg
Sony,image_331.jpg,./camera_dataset/train/Sony/image_331.jpg,https://live.staticflickr.com/65535/54202573071_8365d5b05b_o.jpg
Sony,image_332.jpg,./camera_dataset/train/Sony/image_332.jpg,https://live.staticflickr.com/65535/54202822493_ebe6f1edf9_o.jpg
Sony,image_333.jpg,./camera_dataset/train/Sony/image_333.jpg,https://live.staticflickr.com/65535/54202999785_45615b6698_o.jpg
Sony,image_334.jpg,./camera_dataset/train/Sony/image_334.jpg,https://live.staticflickr.com/65535/54202999745_163aa9553f_o.jpg
Sony,image_335.jpg,./camera_dataset/train/Sony/image_335.jpg,https://live.staticflickr.com/65535/54202572761_c032676a22_o.jpg
Sony,image_336.jpg,./camera_dataset/train/Sony/image_336.jpg,https://live.staticflickr.com/65535/54202822193_2485a7a12a_o.jpg
Sony,image_337.jpg,./camera_dataset/train/Sony/image_337.jpg,https://live.staticflickr.com/65535/54202572606_f93f1cc5e7_o.jpg
Sony,image_338.jpg,./camera_dataset/train/Sony/image_338.jpg,https://live.staticflickr.com/65535/54202826999_ae34ae372b_o.jpg
Sony,image_339.jpg,./camera_dataset/train/Sony/image_339.jpg,https://live.staticflickr.com/65535/54202572441_3289cde87a_o.jpg
Sony,image_340.jpg,./camera_dataset/train/Sony/image_340.jpg,https://live.staticflickr.com/65535/54202999075_a4f0f974db_o.jpg
Sony,image_341.jpg,./camera_dataset/train/Sony/image_341.jpg,https://live.staticflickr.com/65535/54202826599_e96dc112bd_o.jpg
Sony,image_342.jpg,./camera_dataset/train/Sony/image_342.jpg,https://live.staticflickr.com/65535/54201674092_a101a2d3e0_o.jpg
Sony,image_343.jpg,./camera_dataset/train/Sony/image_343.jpg,https://live.staticflickr.com/65535/54202998690_5098049160_o.jpg
Sony,image_344.jpg,./camera_dataset/train/Sony/image_344.jpg,https://live.staticflickr.com/65535/54202571711_12403fa7fb_o.jpg
Sony,image_345.jpg,./camera_dataset/train/Sony/image_345.jpg,https://live.staticflickr.com/65535/54202826174_ca1bd190d1_o.jpg
Sony,image_346.jpg,./camera_dataset/train/Sony/image_346.jpg,https://live.staticflickr.com/65535/54202571621_79585b5a6e_o.jpg
Sony,image_347.jpg,./camera_dataset/train/Sony/image_347.jpg,https://live.staticflickr.com/65535/54202571401_0c44c5e296_o.jpg
Sony,image_348.jpg,./camera_dataset/train/Sony/image_348.jpg,https://live.staticflickr.com/65535/54202821068_90b583b413_o.jpg
Sony,image_349.jpg,./camera_dataset/train/Sony/image_349.jpg,https://live.staticflickr.com/65535/54202571331_7d50475789_o.jpg
Sony,image_350.jpg,./camera_dataset/train/Sony/image_350.jpg,https://live.staticflickr.com/65535/54202571231_8418ebd3c4_o.jpg
Sony,image_351.jpg,./camera_dataset/train/Sony/image_351.jpg,https://live.staticflickr.com/65535/54201673332_0a92a1c965_o.jpg
Sony,image_352.jpg,./camera_dataset/train/Sony/image_352.jpg,https://live.staticflickr.com/65535/54202571056_bc013825c5_o.jpg
Sony,image_353.jpg,./camera_dataset/train/Sony/image_353.jpg,https://live.staticflickr.com/65535/54202820748_910406ebe7_o.jpg
Sony,image_354.jpg,./camera_dataset/train/Sony/image_354.jpg,https://live.staticflickr.com/65535/54201673127_ffd8c0a297_o.jpg
Sony,image_355.jpg,./camera_dataset/train/Sony/image_355.jpg,https://live.staticflickr.com/65535/54202570906_23a5448b8c_o.jpg
Sony,image_356.jpg,./camera_dataset/train/Sony/image_356.jpg,https://live.staticflickr.com/65535/54202825369_c11012ab17_o.jpg
Sony,image_357.jpg,./camera_dataset/train/Sony/image_357.jpg,https://live.staticflickr.com/65535/54202997810_db4fe9422b_o.jpg
Sony,image_358.jpg,./camera_dataset/train/Sony/image_358.jpg,https://live.staticflickr.com/65535/54201672867_33f923354a_o.jpg
Sony,image_359.jpg,./camera_dataset/train/Sony/image_359.jpg,https://live.staticflickr.com/65535/54202570661_ef804b77dd_o.jpg
Sony,image_360.jpg,./camera_dataset/train/Sony/image_360.jpg,https://live.staticflickr.com/65535/54202997430_ff96eda187_o.jpg
Sony,image_361.jpg,./camera_dataset/train/Sony/image_361.jpg,https://live.staticflickr.com/65535/54202824929_d429fa0e7e_o.jpg
Sony,image_362.jpg,./camera_dataset/train/Sony/image_362.jpg,https://live.staticflickr.com/65535/54202819998_8aa6891bec_o.jpg
Sony,image_363.jpg,./camera_dataset/train/Sony/image_363.jpg,https://live.staticflickr.com/65535/54201672497_aed2dfc2f2_o.jpg
Sony,image_364.jpg,./camera_dataset/train/Sony/image_364.jpg,https://live.staticflickr.com/65535/54202819843_7a8c18e7b3_o.jpg
Sony,image_365.jpg,./camera_dataset/train/Sony/image_365.jpg,https://live.staticflickr.com/65535/54202819798_2691da3884_o.jpg
Sony,image_366.jpg,./camera_dataset/train/Sony/image_366.jpg,https://live.staticflickr.com/65535/54202997150_d8d4aef068_o.jpg
Sony,image_367.jpg,./camera_dataset/train/Sony/image_367.jpg,https://live.staticflickr.com/65535/54202824559_0740480c97_o.jpg
Sony,image_368.jpg,./camera_dataset/train/Sony/image_368.jpg,https://live.staticflickr.com/65535/54202569981_6c6da31ca4_o.jpg
Sony,image_369.jpg,./camera_dataset/train/Sony/image_369.jpg,https://live.staticflickr.com/65535/54202569991_02d2916436_o.jpg
Sony,image_370.jpg,./camera_dataset/train/Sony/image_370.jpg,https://live.staticflickr.com/65535/54202819363_46c5396a31_o.jpg
Sony,image_372.jpg,./camera_dataset/train/Sony/image_372.jpg,https://live.staticflickr.com/65535/54202803268_80f22ccb81_o.jpg
Sony,image_373.jpg,./camera_dataset/train/Sony/image_373.jpg,https://live.staticflickr.com/65535/54202802838_b81f73024a_o.jpg
Sony,image_374.jpg,./camera_dataset/train/Sony/image_374.jpg,https://live.staticflickr.com/65535/54202791313_d366acd442_o.jpg
Sony,image_375.jpg,./camera_dataset/train/Sony/image_375.jpg,https://live.staticflickr.com/65535/54202969425_d2b8388949_o.jpg
Sony,image_376.jpg,./camera_dataset/train/Sony/image_376.jpg,https://live.staticflickr.com/65535/54202542211_3078c0c9bc_o.jpg
Sony,image_377.jpg,./camera_dataset/train/Sony/image_377.jpg,https://live.staticflickr.com/65535/54202791233_996af0a19a_o.jpg
Sony,image_378.jpg,./camera_dataset/train/Sony/image_378.jpg,https://live.staticflickr.com/65535/54201644582_26971fd921_o.jpg
Sony,image_379.jpg,./camera_dataset/train/Sony/image_379.jpg,https://live.staticflickr.com/65535/54202969325_9d975f0e4e_o.jpg
Sony,image_380.jpg,./camera_dataset/train/Sony/image_380.jpg,https://live.staticflickr.com/65535/54202969315_4cdb1a2544_o.jpg
Sony,image_381.jpg,./camera_dataset/train/Sony/image_381.jpg,https://live.staticflickr.com/65535/54202542046_76348e8b2a_o.jpg
Sony,image_382.jpg,./camera_dataset/train/Sony/image_382.jpg,https://live.staticflickr.com/65535/54201644512_defe268fa3_o.jpg
Sony,image_383.jpg,./camera_dataset/train/Sony/image_383.jpg,https://live.staticflickr.com/65535/54201644507_d80a22d2cd_o.jpg
Sony,image_384.jpg,./camera_dataset/train/Sony/image_384.jpg,https://live.staticflickr.com/65535/54202791003_f047ed2c4b_o.jpg
Sony,image_385.jpg,./camera_dataset/train/Sony/image_385.jpg,https://live.staticflickr.com/65535/54202969105_68dba47491_o.jpg
Sony,image_386.jpg,./camera_dataset/train/Sony/image_386.jpg,https://live.staticflickr.com/65535/54202795984_95808a9736_o.jpg
Sony,image_387.jpg,./camera_dataset/train/Sony/image_387.jpg,https://live.staticflickr.com/65535/54201644302_e658b5fb31_o.jpg
Sony,image_388.jpg,./camera_dataset/train/Sony/image_388.jpg,https://live.staticflickr.com/65535/54202795909_136188fb80_o.jpg
Sony,image_389.jpg,./camera_dataset/train/Sony/image_389.jpg,https://live.staticflickr.com/65535/54202790873_6322f74bda_o.jpg
Sony,image_390.jpg,./camera_dataset/train/Sony/image_390.jpg,https://live.staticflickr.com/65535/54202790708_4644755fa6_o.jpg
Sony,image_391.jpg,./camera_dataset/train/Sony/image_391.jpg,https://live.staticflickr.com/65535/54201644142_01157e9864_o.jpg
Sony,image_392.jpg,./camera_dataset/train/Sony/image_392.jpg,https://live.staticflickr.com/65535/54202968785_2f73e085c1_o.jpg
Sony,image_393.jpg,./camera_dataset/train/Sony/image_393.jpg,https://live.staticflickr.com/65535/54202541496_0b6b4e3505_o.jpg
Sony,image_394.jpg,./camera_dataset/train/Sony/image_394.jpg,https://live.staticflickr.com/65535/54202795464_540237ca6e_o.jpg
Sony,image_395.jpg,./camera_dataset/train/Sony/image_395.jpg,https://live.staticflickr.com/65535/54202790453_01955a855b_o.jpg
Sony,image_396.jpg,./camera_dataset/train/Sony/image_396.jpg,https://live.staticflickr.com/65535/54202968485_fc3e5f6294_o.jpg
Sony,image_397.jpg,./camera_dataset/train/Sony/image_397.jpg,https://live.staticflickr.com/65535/54202775973_c233380ee9_o.jpg
Canon,image_0.jpg,./camera_dataset/train/Canon/image_0.jpg,https://live.staticflickr.com/65535/54202683872_653ee1937f_o.jpg
Canon,image_1.jpg,./camera_dataset/train/Canon/image_1.jpg,https://live.staticflickr.com/65535/54203581436_a04c049367_o.jpg
Canon,image_2.jpg,./camera_dataset/train/Canon/image_2.jpg,https://live.staticflickr.com/65535/54203581401_8aaa43da3c_o.jpg
Canon,image_3.jpg,./camera_dataset/train/Canon/image_3.jpg,https://live.staticflickr.com/65535/54203581356_c958793e80_o.jpg
Canon,image_4.jpg,./camera_dataset/train/Canon/image_4.jpg,https://live.staticflickr.com/65535/54202683757_a3aecdb1c3_o.jpg
Canon,image_5.jpg,./camera_dataset/train/Canon/image_5.jpg,https://live.staticflickr.com/65535/54203833954_9f6ddc2b3f_o.jpg
Canon,image_6.jpg,./camera_dataset/train/Canon/image_6.jpg,https://live.staticflickr.com/65535/54204005145_64bc1ac456_o.jpg
Canon,image_7.jpg,./camera_dataset/train/Canon/image_7.jpg,https://live.staticflickr.com/65535/54202683732_00968f1358_o.jpg
Canon,image_8.jpg,./camera_dataset/train/Canon/image_8.jpg,https://live.staticflickr.com/65535/54203828273_1fff023a03_o.jpg
Canon,image_9.jpg,./camera_dataset/train/Canon/image_9.jpg,https://live.staticflickr.com/65535/54203833894_96a1e27e73_o.jpg
Canon,image_10.jpg,./camera_dataset/train/Canon/image_10.jpg,https://live.staticflickr.com/65535/54202683652_298c724eda_o.jpg
Canon,image_11.jpg,./camera_dataset/train/Canon/image_11.jpg,https://live.staticflickr.com/65535/54202683667_55b5a1b813_o.jpg
Canon,image_12.jpg,./camera_dataset/train/Canon/image_12.jpg,https://live.staticflickr.com/65535/54204005110_1aa6a66393_o.jpg
Canon,image_13.jpg,./camera_dataset/train/Canon/image_13.jpg,https://live.staticflickr.com/65535/54203828203_78b0a8f506_o.jpg
Canon,image_14.jpg,./camera_dataset/train/Canon/image_14.jpg,https://live.staticflickr.com/65535/54202683542_234837463d_o.jpg
Canon,image_15.jpg,./camera_dataset/train/Canon/image_15.jpg,https://live.staticflickr.com/65535/54202683522_943eabf505_o.jpg
Canon,image_16.jpg,./camera_dataset/train/Canon/image_16.jpg,https://live.staticflickr.com/65535/54203581186_9d5a674edc_o.jpg
Canon,image_17.jpg,./camera_dataset/train/Canon/image_17.jpg,https://live.staticflickr.com/65535/54204005045_f55b645398_o.jpg
Canon,image_18.jpg,./camera_dataset/train/Canon/image_18.jpg,https://live.staticflickr.com/65535/54203833744_673276a708_o.jpg
Canon,image_19.jpg,./camera_dataset/train/Canon/image_19.jpg,https://live.staticflickr.com/65535/54203833689_9628de2124_o.jpg
Canon,image_20.jpg,./camera_dataset/train/Canon/image_20.jpg,https://live.staticflickr.com/65535/54203833694_3658cb8fb4_o.jpg
Canon,image_21.jpg,./camera_dataset/train/Canon/image_21.jpg,https://live.staticflickr.com/65535/54203833664_6c41640e46_o.jpg
Canon,image_22.jpg,./camera_dataset/train/Canon/image_22.jpg,https://live.staticflickr.com/65535/54203833669_5624bd4b75_o.jpg
Canon,image_23.jpg,./camera_dataset/train/Canon/image_23.jpg,https://live.staticflickr.com/65535/54203581056_87936573a2_o.jpg
Canon,image_24.jpg,./camera_dataset/train/Canon/image_24.jpg,https://live.staticflickr.com/65535/54204004830_fb2ed9df1b_o.jpg
Canon,image_25.jpg,./camera_dataset/train/Canon/image_25.jpg,https://live.staticflickr.com/65535/54202682107_414d5cd1c3_o.jpg
Canon,image_26.jpg,./camera_dataset/train/Canon/image_26.jpg,https://live.staticflickr.com/65535/54203826703_a2df22ac4a_o.jpg
Canon,image_27.jpg,./camera_dataset/train/Canon/image_27.jpg,https://live.staticflickr.com/65535/54203579946_0f4580598e_o.jpg
Canon,image_28.jpg,./camera_dataset/train/Canon/image_28.jpg,https://live.staticflickr.com/65535/54202682047_97dc75e452_o.jpg
Canon,image_29.jpg,./camera_dataset/train/Canon/image_29.jpg,https://live.staticflickr.com/65535/54203832189_ae109eb56a_o.jpg
Canon,image_30.jpg,./camera_dataset/train/Canon/image_30.jpg,https://live.staticflickr.com/65535/54203579901_16d22fa3ca_o.jpg
Canon,image_31.jpg,./camera_dataset/train/Canon/image_31.jpg,https://live.staticflickr.com/65535/54203826673_2e5b67a476_o.jpg
Canon,image_32.jpg,./camera_dataset/train/Canon/image_32.jpg,https://live.staticflickr.com/65535/54203832129_2a8054140a_o.jpg
Canon,image_33.jpg,./camera_dataset/train/Canon/image_33.jpg,https://live.staticflickr.com/65535/54204003530_6049b15703_o.jpg
Canon,image_34.jpg,./camera_dataset/train/Canon/image_34.jpg,https://live.staticflickr.com/65535/54204003540_605fbf4a4e_o.jpg
Canon,image_35.jpg,./camera_dataset/train/Canon/image_35.jpg,https://live.staticflickr.com/65535/54203579806_261cffea38_o.jpg
Canon,image_36.jpg,./camera_dataset/train/Canon/image_36.jpg,https://live.staticflickr.com/65535/54203826543_031c5f1c42_o.jpg
Canon,image_37.jpg,./camera_dataset/train/Canon/image_37.jpg,https://live.staticflickr.com/65535/54203832114_3a86f83ac1_o.jpg
Canon,image_38.jpg,./camera_dataset/train/Canon/image_38.jpg,https://live.staticflickr.com/65535/54203832034_b105f3d7a3_o.jpg
Canon,image_39.jpg,./camera_dataset/train/Canon/image_39.jpg,https://live.staticflickr.com/65535/54203826373_4162f2b692_o.jpg
Canon,image_40.jpg,./camera_dataset/train/Canon/image_40.jpg,https://live.staticflickr.com/65535/54203579661_98dc764da2_o.jpg
Canon,image_41.jpg,./camera_dataset/train/Canon/image_41.jpg,https://live.staticflickr.com/65535/54203826378_ba6412f962_o.jpg
Canon,image_42.jpg,./camera_dataset/train/Canon/image_42.jpg,https://live.staticflickr.com/65535/54202681722_41097959e4_o.jpg
Canon,image_43.jpg,./camera_dataset/train/Canon/image_43.jpg,https://live.staticflickr.com/65535/54203579586_6c4e58a795_o.jpg
Canon,image_47.jpg,./camera_dataset/train/Canon/image_47.jpg,https://live.staticflickr.com/65535/54203562191_b0e1f18114_o.jpg
Canon,image_48.jpg,./camera_dataset/train/Canon/image_48.jpg,https://live.staticflickr.com/65535/54203811739_69eb7ef378_o.jpg
Canon,image_49.jpg,./camera_dataset/train/Canon/image_49.jpg,https://live.staticflickr.com/65535/54203795328_1ede16f921_o.jpg
Canon,image_53.jpg,./camera_dataset/train/Canon/image_53.jpg,https://live.staticflickr.com/65535/54202647077_5a233dc23f_o.jpg
Canon,image_54.jpg,./camera_dataset/train/Canon/image_54.jpg,https://live.staticflickr.com/65535/54202645467_8793fee3b0_o.jpg
Canon,image_56.jpg,./camera_dataset/train/Canon/image_56.jpg,https://live.staticflickr.com/65535/54203780773_ab1aee43d0_o.jpg
Canon,image_57.jpg,./camera_dataset/train/Canon/image_57.jpg,https://live.staticflickr.com/65535/54203950400_516d6e7754_o.jpg
Canon,image_59.jpg,./camera_dataset/train/Canon/image_59.jpg,https://live.staticflickr.com/65535/54203947020_f0cf779216_o.jpg
Canon,image_60.jpg,./camera_dataset/train/Canon/image_60.jpg,https://live.staticflickr.com/65535/54203947010_939d39a863_o.jpg
Canon,image_61.jpg,./camera_dataset/train/Canon/image_61.jpg,https://live.staticflickr.com/65535/54203767228_932bfcc660_o.jpg
Canon,image_64.jpg,./camera_dataset/train/Canon/image_64.jpg,https://live.staticflickr.com/65535/54203512016_02a4be58e6_o.jpg
Canon,image_65.jpg,./camera_dataset/train/Canon/image_65.jpg,https://live.staticflickr.com/65535/54203764359_2aceebd338_o.jpg
Canon,image_66.jpg,./camera_dataset/train/Canon/image_66.jpg,https://live.staticflickr.com/65535/54202614652_9a4ea06dce_o.jpg
Canon,image_67.jpg,./camera_dataset/train/Canon/image_67.jpg,https://live.staticflickr.com/65535/54203936000_f94484db6c_o.jpg
Canon,image_79.jpg,./camera_dataset/train/Canon/image_79.jpg,https://live.staticflickr.com/65535/54203737273_3f5504401e_o.jpg
Canon,image_81.jpg,./camera_dataset/train/Canon/image_81.jpg,https://live.staticflickr.com/65535/54202590152_5f16e0bc75_o.jpg
Canon,image_84.jpg,./camera_dataset/train/Canon/image_84.jpg,https://live.staticflickr.com/65535/54203720624_573c5065a4_o.jpg
Canon,image_86.jpg,./camera_dataset/train/Canon/image_86.jpg,https://live.staticflickr.com/65535/54203735179_4bb1bc9f26_o.jpg
Canon,image_87.jpg,./camera_dataset/train/Canon/image_87.jpg,https://live.staticflickr.com/65535/54203729648_0a380fdb7e_o.jpg
Canon,image_88.jpg,./camera_dataset/train/Canon/image_88.jpg,https://live.staticflickr.com/65535/54202584957_d783883ed5_o.jpg
Canon,image_89.jpg,./camera_dataset/train/Canon/image_89.jpg,https://live.staticflickr.com/65535/54203481196_7bce98e7ef_o.jpg
Canon,image_105.jpg,./camera_dataset/train/Canon/image_105.jpg,https://live.staticflickr.com/65535/54203442796_d71d87f5d8_o.jpg
Canon,image_106.jpg,./camera_dataset/train/Canon/image_106.jpg,https://live.staticflickr.com/65535/54203691888_e8b5660bae_o.jpg
Canon,image_107.jpg,./camera_dataset/train/Canon/image_107.jpg,https://live.staticflickr.com/65535/54203859375_98fb84d619_o.jpg
Canon,image_108.jpg,./camera_dataset/train/Canon/image_108.jpg,https://live.staticflickr.com/65535/54203688334_dd4edbd0b5_o.jpg
Canon,image_111.jpg,./camera_dataset/train/Canon/image_111.jpg,https://live.staticflickr.com/65535/54202544167_ca8d77807d_o.jpg
Canon,image_112.jpg,./camera_dataset/train/Canon/image_112.jpg,https://live.staticflickr.com/65535/54203439146_f77fa1dd23_o.jpg
Canon,image_113.jpg,./camera_dataset/train/Canon/image_113.jpg,https://live.staticflickr.com/65535/54203439121_8bc15ae559_o.jpg
Canon,image_114.jpg,./camera_dataset/train/Canon/image_114.jpg,https://live.staticflickr.com/65535/54203439131_a0eb612745_o.jpg
Canon,image_121.jpg,./camera_dataset/train/Canon/image_121.jpg,https://live.staticflickr.com/65535/54203424036_f35a0187c6_o.jpg
Canon,image_122.jpg,./camera_dataset/train/Canon/image_122.jpg,https://live.staticflickr.com/65535/54202528162_e9206f5432_o.jpg
Canon,image_130.jpg,./camera_dataset/train/Canon/image_130.jpg,https://live.staticflickr.com/65535/54202508082_9054a107c9_o.jpg
Canon,image_131.jpg,./camera_dataset/train/Canon/image_131.jpg,https://live.staticflickr.com/65535/54202508027_1505178abe_o.jpg
Canon,image_132.jpg,./camera_dataset/train/Canon/image_132.jpg,https://live.staticflickr.com/65535/54203404236_60f7e7bc31_o.jpg
Canon,image_133.jpg,./camera_dataset/train/Canon/image_133.jpg,https://live.staticflickr.com/65535/54203830325_38491312f5_o.jpg
Canon,image_134.jpg,./camera_dataset/train/Canon/image_134.jpg,https://live.staticflickr.com/65535/54203654789_4ffa89f307_o.jpg
Canon,image_135.jpg,./camera_dataset/train/Canon/image_135.jpg,https://live.staticflickr.com/65535/54203393891_399bc142b5_o.jpg
Canon,image_136.jpg,./camera_dataset/train/Canon/image_136.jpg,https://live.staticflickr.com/65535/54203647924_70ff5be68d_o.jpg
Canon,image_141.jpg,./camera_dataset/train/Canon/image_141.jpg,https://live.staticflickr.com/65535/54203384506_7af1d82547_o.jpg
Canon,image_143.jpg,./camera_dataset/train/Canon/image_143.jpg,https://live.staticflickr.com/65535/54203632323_44ede33af7_o.jpg
Canon,image_144.jpg,./camera_dataset/train/Canon/image_144.jpg,https://live.staticflickr.com/65535/54203379196_aa1f891dc5_o.jpg
Canon,image_151.jpg,./camera_dataset/train/Canon/image_151.jpg,https://live.staticflickr.com/65535/54203629289_4c22a3298d_o.jpg
Canon,image_152.jpg,./camera_dataset/train/Canon/image_152.jpg,https://live.staticflickr.com/65535/54203617968_96a7a699f4_o.jpg
Canon,image_153.jpg,./camera_dataset/train/Canon/image_153.jpg,https://live.staticflickr.com/65535/54203618878_46e5766ef0_o.jpg
Canon,image_154.jpg,./camera_dataset/train/Canon/image_154.jpg,https://live.staticflickr.com/65535/54203368991_728c3d01dc_o.jpg
Canon,image_155.jpg,./camera_dataset/train/Canon/image_155.jpg,https://live.staticflickr.com/65535/54203792300_6a3a27bcc1_o.jpg
Canon,image_156.jpg,./camera_dataset/train/Canon/image_156.jpg,https://live.staticflickr.com/65535/54202469452_e7dd2c516c_o.jpg
Canon,image_157.jpg,./camera_dataset/train/Canon/image_157.jpg,https://live.staticflickr.com/65535/54203619854_606a047683_o.jpg
Canon,image_158.jpg,./camera_dataset/train/Canon/image_158.jpg,https://live.staticflickr.com/65535/54203362876_db7bf0e7eb_o.jpg
Canon,image_159.jpg,./camera_dataset/train/Canon/image_159.jpg,https://live.staticflickr.com/65535/54203785275_f2eb544578_o.jpg
Canon,image_170.jpg,./camera_dataset/train/Canon/image_170.jpg,https://live.staticflickr.com/65535/54203564333_dd96f7a23f_o.jpg
Canon,image_172.jpg,./camera_dataset/train/Canon/image_172.jpg,https://live.staticflickr.com/65535/54203738025_610149921d_o.jpg
Canon,image_174.jpg,./camera_dataset/train/Canon/image_174.jpg,https://live.staticflickr.com/65535/54202410137_e5a29f492a_o.jpg
Canon,image_175.jpg,./camera_dataset/train/Canon/image_175.jpg,https://live.staticflickr.com/65535/54202407557_fb74efce15_o.jpg
Canon,image_176.jpg,./camera_dataset/train/Canon/image_176.jpg,https://live.staticflickr.com/65535/54202401057_a5e706d12d_o.jpg
Canon,image_177.jpg,./camera_dataset/train/Canon/image_177.jpg,https://live.staticflickr.com/65535/54203542593_fc944830db_o.jpg
Canon,image_178.jpg,./camera_dataset/train/Canon/image_178.jpg,https://live.staticflickr.com/65535/54203538078_a1f2b7539d_o.jpg
Canon,image_184.jpg,./camera_dataset/train/Canon/image_184.jpg,https://live.staticflickr.com/65535/54203529733_d8c34acd7e_o.jpg
Canon,image_185.jpg,./camera_dataset/train/Canon/image_185.jpg,https://live.staticflickr.com/65535/54203701800_917d2e899b_o.jpg
Canon,image_186.jpg,./camera_dataset/train/Canon/image_186.jpg,https://live.staticflickr.com/65535/54203530309_d7f049f9b3_o.jpg
Canon,image_189.jpg,./camera_dataset/train/Canon/image_189.jpg,https://live.staticflickr.com/65535/54203692035_5db113c9d7_o.jpg
Canon,image_191.jpg,./camera_dataset/train/Canon/image_191.jpg,https://live.staticflickr.com/65535/54202351462_37321edffb_o.jpg
Canon,image_192.jpg,./camera_dataset/train/Canon/image_192.jpg,https://live.staticflickr.com/65535/54203248096_2fe71be80b_o.jpg
Canon,image_193.jpg,./camera_dataset/train/Canon/image_193.jpg,https://live.staticflickr.com/65535/54203674840_53f6367ff7_o.jpg
Canon,image_194.jpg,./camera_dataset/train/Canon/image_194.jpg,https://live.staticflickr.com/65535/54203241771_3283479691_o.jpg
Canon,image_196.jpg,./camera_dataset/train/Canon/image_196.jpg,https://live.staticflickr.com/65535/54203486358_64df606da1_o.jpg
Canon,image_201.jpg,./camera_dataset/train/Canon/image_201.jpg,https://live.staticflickr.com/65535/54203652095_80d74ca1da_o.jpg
Canon,image_208.jpg,./camera_dataset/train/Canon/image_208.jpg,https://live.staticflickr.com/65535/54203475728_674a9a3abe_o.jpg
Canon,image_210.jpg,./camera_dataset/train/Canon/image_210.jpg,https://live.staticflickr.com/65535/54203475744_0285394f82_o.jpg
Canon,image_211.jpg,./camera_dataset/train/Canon/image_211.jpg,https://live.staticflickr.com/65535/54203475004_95c873fa4d_o.jpg
Canon,image_214.jpg,./camera_dataset/train/Canon/image_214.jpg,https://live.staticflickr.com/65535/54203469468_9814082a38_o.jpg
Canon,image_215.jpg,./camera_dataset/train/Canon/image_215.jpg,https://live.staticflickr.com/65535/54202320497_6a566d2a82_o.jpg
Canon,image_217.jpg,./camera_dataset/train/Canon/image_217.jpg,https://live.staticflickr.com/65535/54202317017_b4a2960920_o.jpg
Canon,image_218.jpg,./camera_dataset/train/Canon/image_218.jpg,https://live.staticflickr.com/65535/54203464248_ff1571a3d2_o.jpg
Canon,image_222.jpg,./camera_dataset/train/Canon/image_222.jpg,https://live.staticflickr.com/65535/54203636345_6bdeab25db_o.jpg
Canon,image_224.jpg,./camera_dataset/train/Canon/image_224.jpg,https://live.staticflickr.com/65535/54202308957_e379c835dd_o.jpg
Canon,image_230.jpg,./camera_dataset/train/Canon/image_230.jpg,https://live.staticflickr.com/65535/54202307017_caa7a5ccb3_o.jpg
Canon,image_231.jpg,./camera_dataset/train/Canon/image_231.jpg,https://live.staticflickr.com/65535/54203628165_2901d4398a_o.jpg
Canon,image_232.jpg,./camera_dataset/train/Canon/image_232.jpg,https://live.staticflickr.com/65535/54203451613_801b9171f1_o.jpg
Canon,image_236.jpg,./camera_dataset/train/Canon/image_236.jpg,https://live.staticflickr.com/65535/54202301262_59e5e368f7_o.jpg
Canon,image_237.jpg,./camera_dataset/train/Canon/image_237.jpg,https://live.staticflickr.com/65535/54202298052_a2dbc605cc_o.jpg
Canon,image_242.jpg,./camera_dataset/train/Canon/image_242.jpg,https://live.staticflickr.com/65535/54203438469_c3721f8f89_o.jpg
Canon,image_243.jpg,./camera_dataset/train/Canon/image_243.jpg,https://live.staticflickr.com/65535/54203432698_240966f074_o.jpg
Canon,image_245.jpg,./camera_dataset/train/Canon/image_245.jpg,https://live.staticflickr.com/65535/54203420643_5a79e7fb6d_o.jpg
Canon,image_246.jpg,./camera_dataset/train/Canon/image_246.jpg,https://live.staticflickr.com/65535/54203596290_619f80ed79_o.jpg
Canon,image_247.jpg,./camera_dataset/train/Canon/image_247.jpg,https://live.staticflickr.com/65535/54203420638_f598933327_o.jpg
Canon,image_251.jpg,./camera_dataset/train/Canon/image_251.jpg,https://live.staticflickr.com/65535/54203157266_3f1549582a_o.jpg
Canon,image_253.jpg,./camera_dataset/train/Canon/image_253.jpg,https://live.staticflickr.com/65535/54203407593_2293752752_o.jpg
Canon,image_264.jpg,./camera_dataset/train/Canon/image_264.jpg,https://live.staticflickr.com/65535/54203564480_750ea76d61_o.jpg
Canon,image_304.jpg,./camera_dataset/train/Canon/image_304.jpg,https://live.staticflickr.com/65535/54202180917_cc3926bdb4_o.jpg
Canon,image_306.jpg,./camera_dataset/train/Canon/image_306.jpg,https://live.staticflickr.com/65535/54202172227_7c3605e968_o.jpg
Canon,image_307.jpg,./camera_dataset/train/Canon/image_307.jpg,https://live.staticflickr.com/65535/54203322334_a0e2aa87c2_o.jpg
Canon,image_308.jpg,./camera_dataset/train/Canon/image_308.jpg,https://live.staticflickr.com/65535/54203488450_04656f13e3_o.jpg
Canon,image_309.jpg,./camera_dataset/train/Canon/image_309.jpg,https://live.staticflickr.com/65535/54203299823_0d8c2933da_o.jpg
Canon,image_311.jpg,./camera_dataset/train/Canon/image_311.jpg,https://live.staticflickr.com/65535/54203437390_cb6c5d1791_o.jpg
Canon,image_312.jpg,./camera_dataset/train/Canon/image_312.jpg,https://live.staticflickr.com/65535/54203258338_c50afa405c_o.jpg
Canon,image_320.jpg,./camera_dataset/train/Canon/image_320.jpg,https://live.staticflickr.com/65535/54202993506_75fe3321fd_o.jpg
Canon,image_321.jpg,./camera_dataset/train/Canon/image_321.jpg,https://live.staticflickr.com/65535/54203229648_553742d15c_o.jpg
Canon,image_322.jpg,./camera_dataset/train/Canon/image_322.jpg,https://live.staticflickr.com/65535/54202980926_dcace73071_o.jpg
Canon,image_323.jpg,./camera_dataset/train/Canon/image_323.jpg,https://live.staticflickr.com/65535/54203217733_df1889f173_o.jpg
Canon,image_324.jpg,./camera_dataset/train/Canon/image_324.jpg,https://live.staticflickr.com/65535/54203196849_2bae15d3d0_o.jpg
Canon,image_327.jpg,./camera_dataset/train/Canon/image_327.jpg,https://live.staticflickr.com/65535/54202930916_eb7fbd59d5_o.jpg
Canon,image_328.jpg,./camera_dataset/train/Canon/image_328.jpg,https://live.staticflickr.com/65535/54203182238_8382a7f672_o.jpg
Canon,image_330.jpg,./camera_dataset/train/Canon/image_330.jpg,https://live.staticflickr.com/65535/54203146838_02b8cf5ce2_o.jpg
Canon,image_331.jpg,./camera_dataset/train/Canon/image_331.jpg,https://live.staticflickr.com/65535/54202894751_f710a50e24_o.jpg
Canon,image_332.jpg,./camera_dataset/train/Canon/image_332.jpg,https://live.staticflickr.com/65535/54203142538_5c1edda2f5_o.jpg
Canon,image_336.jpg,./camera_dataset/train/Canon/image_336.jpg,https://live.staticflickr.com/65535/54202869631_a52f5a364d_o.jpg
Canon,image_338.jpg,./camera_dataset/train/Canon/image_338.jpg,https://live.staticflickr.com/65535/54203279050_8d55836231_o.jpg
Canon,image_339.jpg,./camera_dataset/train/Canon/image_339.jpg,https://live.staticflickr.com/65535/54203265155_4037530f74_o.jpg
Canon,image_345.jpg,./camera_dataset/train/Canon/image_345.jpg,https://live.staticflickr.com/65535/54203062488_c917394386_o.jpg
Canon,image_351.jpg,./camera_dataset/train/Canon/image_351.jpg,https://live.staticflickr.com/65535/54202761021_320f597d93_o.jpg
Canon,image_355.jpg,./camera_dataset/train/Canon/image_355.jpg,https://live.staticflickr.com/65535/54202747196_4d3fac4220_o.jpg
Canon,image_356.jpg,./camera_dataset/train/Canon/image_356.jpg,https://live.staticflickr.com/31337/54203174705_08d3044476_o.jpg
Canon,image_358.jpg,./camera_dataset/train/Canon/image_358.jpg,https://live.staticflickr.com/65535/54202992159_5789d90c11_o.jpg
Canon,image_359.jpg,./camera_dataset/train/Canon/image_359.jpg,https://live.staticflickr.com/65535/54201833112_19dd98d07a_o.jpg
Canon,image_366.jpg,./camera_dataset/train/Canon/image_366.jpg,https://live.staticflickr.com/65535/54202973959_35e75a7531_o.jpg
Canon,image_367.jpg,./camera_dataset/train/Canon/image_367.jpg,https://live.staticflickr.com/65535/54202973764_03138dc5b7_o.jpg
Canon,image_368.jpg,./camera_dataset/train/Canon/image_368.jpg,https://live.staticflickr.com/65535/54202970713_ac0ff09f3d_o.jpg
Canon,image_369.jpg,./camera_dataset/train/Canon/image_369.jpg,https://live.staticflickr.com/65535/54203147500_4450093e79_o.jpg
Canon,image_370.jpg,./camera_dataset/train/Canon/image_370.jpg,https://live.staticflickr.com/65535/54202718701_9f40b4d29b_o.jpg
Canon,image_371.jpg,./camera_dataset/train/Canon/image_371.jpg,https://live.staticflickr.com/65535/54202973609_ac16a6cc12_o.jpg
Canon,image_372.jpg,./camera_dataset/train/Canon/image_372.jpg,https://live.staticflickr.com/65535/54202970598_40ccb450d8_o.jpg
Canon,image_373.jpg,./camera_dataset/train/Canon/image_373.jpg,https://live.staticflickr.com/65535/54203147360_cb8aa90a4c_o.jpg
Canon,image_374.jpg,./camera_dataset/train/Canon/image_374.jpg,https://live.staticflickr.com/65535/54202717726_a947a3e978_o.jpg
Canon,image_375.jpg,./camera_dataset/train/Canon/image_375.jpg,https://live.staticflickr.com/65535/54203139705_37d7944bc5_o.jpg
Canon,image_382.jpg,./camera_dataset/train/Canon/image_382.jpg,https://live.staticflickr.com/65535/54201790627_3c9cc6e2ff_o.jpg
Canon,image_383.jpg,./camera_dataset/train/Canon/image_383.jpg,https://live.staticflickr.com/65535/54201789082_f42ff6e30e_o.jpg
Canon,image_384.jpg,./camera_dataset/train/Canon/image_384.jpg,https://live.staticflickr.com/65535/54203112970_e31f8af005_o.jpg
Canon,image_385.jpg,./camera_dataset/train/Canon/image_385.jpg,https://live.staticflickr.com/65535/54203112190_dbe5e8fae1_o.jpg
Canon,image_386.jpg,./camera_dataset/train/Canon/image_386.jpg,https://live.staticflickr.com/65535/54202934733_7df0d5d5f3_o.jpg
Canon,image_388.jpg,./camera_dataset/train/Canon/image_388.jpg,https://live.staticflickr.com/65535/54203110360_aee9f58c25_o.jpg
Canon,image_389.jpg,./camera_dataset/train/Canon/image_389.jpg,https://live.staticflickr.com/65535/54202927023_3779ddb4e2_o.jpg
Canon,image_390.jpg,./camera_dataset/train/Canon/image_390.jpg,https://live.staticflickr.com/65535/54203097460_77deacf7e6_o.jpg
Canon,image_391.jpg,./camera_dataset/train/Canon/image_391.jpg,https://live.staticflickr.com/65535/54202681031_51ff4f06e1_o.jpg
Canon,image_392.jpg,./camera_dataset/train/Canon/image_392.jpg,https://live.staticflickr.com/65535/54202931778_3e182af782_o.jpg
Canon,image_393.jpg,./camera_dataset/train/Canon/image_393.jpg,https://live.staticflickr.com/65535/54202930499_def0f198c6_o.jpg
Canon,image_394.jpg,./camera_dataset/train/Canon/image_394.jpg,https://live.staticflickr.com/65535/54202926558_c2efe84c7d_o.jpg
Canon,image_395.jpg,./camera_dataset/train/Canon/image_395.jpg,https://live.staticflickr.com/65535/54203101095_f6df7b41b3_o.jpg
Canon,image_396.jpg,./camera_dataset/train/Canon/image_396.jpg,https://live.staticflickr.com/65535/54202923268_b1ce3d0569_o.jpg
Canon,image_397.jpg,./camera_dataset/train/Canon/image_397.jpg,https://live.staticflickr.com/65535/54202921083_3b3bd64c40_o.jpg
Canon,image_398.jpg,./camera_dataset/train/Canon/image_398.jpg,https://live.staticflickr.com/65535/54202670131_ea4d03501e_o.jpg
Nikon,image_0.jpg,./camera_dataset/train/Nikon/image_0.jpg,https://live.staticflickr.com/65535/54204381046_69913c90a9_o.jpg
Nikon,image_57.jpg,./camera_dataset/train/Nikon/image_57.jpg,https://live.staticflickr.com/65535/54204364541_976485324d_o.jpg
Nikon,image_58.jpg,./camera_dataset/train/Nikon/image_58.jpg,https://live.staticflickr.com/65535/54204364436_9b0855aedf_o.jpg
Nikon,image_59.jpg,./camera_dataset/train/Nikon/image_59.jpg,https://live.staticflickr.com/65535/54204614594_77d585065e_o.jpg
Nikon,image_92.jpg,./camera_dataset/train/Nikon/image_92.jpg,https://live.staticflickr.com/65535/54204559418_a5a948a8d9_o.jpg
Nikon,image_98.jpg,./camera_dataset/train/Nikon/image_98.jpg,https://live.staticflickr.com/65535/54204726750_02f7da2fb0_o.jpg
Nikon,image_99.jpg,./camera_dataset/train/Nikon/image_99.jpg,https://live.staticflickr.com/65535/54204556039_1535f9b68b_o.jpg
Nikon,image_128.jpg,./camera_dataset/train/Nikon/image_128.jpg,https://live.staticflickr.com/65535/54204703030_fc44d33fa1_o.jpg
Nikon,image_129.jpg,./camera_dataset/train/Nikon/image_129.jpg,https://live.staticflickr.com/65535/54204701415_2fe66b6854_o.jpg
Nikon,image_132.jpg,./camera_dataset/train/Nikon/image_132.jpg,https://live.staticflickr.com/65535/54204689100_4d9bf459b3_o.jpg
Nikon,image_140.jpg,./camera_dataset/train/Nikon/image_140.jpg,https://live.staticflickr.com/65535/54204262781_0e3d0fb146_o.jpg
Nikon,image_141.jpg,./camera_dataset/train/Nikon/image_141.jpg,https://live.staticflickr.com/65535/54203365567_738420850e_o.jpg
Nikon,image_142.jpg,./camera_dataset/train/Nikon/image_142.jpg,https://live.staticflickr.com/65535/54204262701_a09bc99b72_o.jpg
Nikon,image_143.jpg,./camera_dataset/train/Nikon/image_143.jpg,https://live.staticflickr.com/65535/54203365517_642457aa5f_o.jpg
Nikon,image_144.jpg,./camera_dataset/train/Nikon/image_144.jpg,https://live.staticflickr.com/65535/54204507693_a0df676500_o.jpg
Nikon,image_145.jpg,./camera_dataset/train/Nikon/image_145.jpg,https://live.staticflickr.com/65535/54204684245_bdb19a6f89_o.jpg
Nikon,image_146.jpg,./camera_dataset/train/Nikon/image_146.jpg,https://live.staticflickr.com/65535/54204684265_4a1c84d107_o.jpg
Nikon,image_147.jpg,./camera_dataset/train/Nikon/image_147.jpg,https://live.staticflickr.com/65535/54204513844_62b797fb08_o.jpg
Nikon,image_148.jpg,./camera_dataset/train/Nikon/image_148.jpg,https://live.staticflickr.com/65535/54204262556_e02e562c2f_o.jpg
Nikon,image_149.jpg,./camera_dataset/train/Nikon/image_149.jpg,https://live.staticflickr.com/65535/54204684175_e050c46a9a_o.jpg
Nikon,image_150.jpg,./camera_dataset/train/Nikon/image_150.jpg,https://live.staticflickr.com/65535/54204513729_6806ef9b81_o.jpg
Nikon,image_151.jpg,./camera_dataset/train/Nikon/image_151.jpg,https://live.staticflickr.com/65535/54204684070_32a6f05ea2_o.jpg
Nikon,image_152.jpg,./camera_dataset/train/Nikon/image_152.jpg,https://live.staticflickr.com/65535/54203365287_70c7f4ce14_o.jpg
Nikon,image_153.jpg,./camera_dataset/train/Nikon/image_153.jpg,https://live.staticflickr.com/65535/54204262401_929f31d606_o.jpg
Nikon,image_154.jpg,./camera_dataset/train/Nikon/image_154.jpg,https://live.staticflickr.com/65535/54203365237_851ae783b2_o.jpg
Nikon,image_155.jpg,./camera_dataset/train/Nikon/image_155.jpg,https://live.staticflickr.com/65535/54204262371_25d00ce8d5_o.jpg
Nikon,image_156.jpg,./camera_dataset/train/Nikon/image_156.jpg,https://live.staticflickr.com/65535/54204684000_f45d387e96_o.jpg
Nikon,image_157.jpg,./camera_dataset/train/Nikon/image_157.jpg,https://live.staticflickr.com/65535/54203365182_6a9497b2bf_o.jpg
Nikon,image_158.jpg,./camera_dataset/train/Nikon/image_158.jpg,https://live.staticflickr.com/65535/54204513544_0c58a90dc3_o.jpg
Nikon,image_159.jpg,./camera_dataset/train/Nikon/image_159.jpg,https://live.staticflickr.com/65535/54204683925_6e82c71f19_o.jpg
Nikon,image_160.jpg,./camera_dataset/train/Nikon/image_160.jpg,https://live.staticflickr.com/65535/54204507178_7d6f3a0e63_o.jpg
Nikon,image_161.jpg,./camera_dataset/train/Nikon/image_161.jpg,https://live.staticflickr.com/65535/54204683850_1c9ac1230c_o.jpg
Nikon,image_162.jpg,./camera_dataset/train/Nikon/image_162.jpg,https://live.staticflickr.com/65535/54203364982_ae64c0ce24_o.jpg
Nikon,image_163.jpg,./camera_dataset/train/Nikon/image_163.jpg,https://live.staticflickr.com/65535/54204507043_a3b51cb6ce_o.jpg
Nikon,image_164.jpg,./camera_dataset/train/Nikon/image_164.jpg,https://live.staticflickr.com/65535/54204513239_2729ff30ab_o.jpg
Nikon,image_165.jpg,./camera_dataset/train/Nikon/image_165.jpg,https://live.staticflickr.com/65535/54204506778_54bd4b535f_o.jpg
Nikon,image_166.jpg,./camera_dataset/train/Nikon/image_166.jpg,https://live.staticflickr.com/65535/54203364302_cb7af456c5_o.jpg
Nikon,image_167.jpg,./camera_dataset/train/Nikon/image_167.jpg,https://live.staticflickr.com/65535/54203364222_692c8958d6_o.jpg
Nikon,image_168.jpg,./camera_dataset/train/Nikon/image_168.jpg,https://live.staticflickr.com/65535/54204261321_df67a46aa1_o.jpg
Nikon,image_169.jpg,./camera_dataset/train/Nikon/image_169.jpg,https://live.staticflickr.com/65535/54204512709_bba4d800f8_o.jpg
Nikon,image_170.jpg,./camera_dataset/train/Nikon/image_170.jpg,https://live.staticflickr.com/65535/54203362382_69635e83b4_o.jpg
Nikon,image_171.jpg,./camera_dataset/train/Nikon/image_171.jpg,https://live.staticflickr.com/65535/54204264886_0cdc8976fe_o.jpg
Nikon,image_172.jpg,./camera_dataset/train/Nikon/image_172.jpg,https://live.staticflickr.com/65535/54204264846_1502d3cd60_o.jpg
Nikon,image_173.jpg,./camera_dataset/train/Nikon/image_173.jpg,https://live.staticflickr.com/65535/54204264811_037a7a64b4_o.jpg
Nikon,image_174.jpg,./camera_dataset/train/Nikon/image_174.jpg,https://live.staticflickr.com/65535/54204515889_cf64ba0bc9_o.jpg
Nikon,image_175.jpg,./camera_dataset/train/Nikon/image_175.jpg,https://live.staticflickr.com/65535/54204509528_fccaf4587a_o.jpg
Nikon,image_176.jpg,./camera_dataset/train/Nikon/image_176.jpg,https://live.staticflickr.com/65535/54204515814_479c8cc753_o.jpg
Nikon,image_177.jpg,./camera_dataset/train/Nikon/image_177.jpg,https://live.staticflickr.com/65535/54204509468_808c35b1d4_o.jpg
Nikon,image_178.jpg,./camera_dataset/train/Nikon/image_178.jpg,https://live.staticflickr.com/65535/54203367292_bee021ff74_o.jpg
Nikon,image_179.jpg,./camera_dataset/train/Nikon/image_179.jpg,https://live.staticflickr.com/65535/54204264511_993598b8f3_o.jpg
Nikon,image_180.jpg,./camera_dataset/train/Nikon/image_180.jpg,https://live.staticflickr.com/65535/54204515564_b40e20b618_o.jpg
Nikon,image_181.jpg,./camera_dataset/train/Nikon/image_181.jpg,https://live.staticflickr.com/65535/54204264461_813c2f5260_o.jpg
Nikon,image_182.jpg,./camera_dataset/train/Nikon/image_182.jpg,https://live.staticflickr.com/65535/54204264341_b3057622a2_o.jpg
Nikon,image_183.jpg,./camera_dataset/train/Nikon/image_183.jpg,https://live.staticflickr.com/65535/54204264296_9b590d17ee_o.jpg
Nikon,image_184.jpg,./camera_dataset/train/Nikon/image_184.jpg,https://live.staticflickr.com/65535/54203366992_7d6fec0833_o.jpg
Nikon,image_185.jpg,./camera_dataset/train/Nikon/image_185.jpg,https://live.staticflickr.com/65535/54204264246_389a9f82cd_o.jpg
Nikon,image_186.jpg,./camera_dataset/train/Nikon/image_186.jpg,https://live.staticflickr.com/65535/54203366972_783eca7b4b_o.jpg
Nikon,image_187.jpg,./camera_dataset/train/Nikon/image_187.jpg,https://live.staticflickr.com/65535/54204515374_0f63a9b1a2_o.jpg
Nikon,image_188.jpg,./camera_dataset/train/Nikon/image_188.jpg,https://live.staticflickr.com/65535/54203366897_0679c216b2_o.jpg
Nikon,image_189.jpg,./camera_dataset/train/Nikon/image_189.jpg,https://live.staticflickr.com/65535/54204264181_1a230cb587_o.jpg
Nikon,image_190.jpg,./camera_dataset/train/Nikon/image_190.jpg,https://live.staticflickr.com/65535/54204515304_1b35f8bb6a_o.jpg
Nikon,image_191.jpg,./camera_dataset/train/Nikon/image_191.jpg,https://live.staticflickr.com/65535/54203366822_8cc612ee4c_o.jpg
Nikon,image_192.jpg,./camera_dataset/train/Nikon/image_192.jpg,https://live.staticflickr.com/65535/54204515214_e0558a0702_o.jpg
Nikon,image_193.jpg,./camera_dataset/train/Nikon/image_193.jpg,https://live.staticflickr.com/65535/54204263951_7c6e8b44be_o.jpg
Nikon,image_194.jpg,./camera_dataset/train/Nikon/image_194.jpg,https://live.staticflickr.com/65535/54203366692_eea570e7ce_o.jpg
Nikon,image_195.jpg,./camera_dataset/train/Nikon/image_195.jpg,https://live.staticflickr.com/65535/54203366632_e3c73cb945_o.jpg
Nikon,image_196.jpg,./camera_dataset/train/Nikon/image_196.jpg,https://live.staticflickr.com/65535/54204263671_70561299be_o.jpg
Nikon,image_197.jpg,./camera_dataset/train/Nikon/image_197.jpg,https://live.staticflickr.com/65535/54204263786_d256bcb950_o.jpg
Nikon,image_198.jpg,./camera_dataset/train/Nikon/image_198.jpg,https://live.staticflickr.com/65535/54204508698_7e5b8c8e4b_o.jpg
Nikon,image_199.jpg,./camera_dataset/train/Nikon/image_199.jpg,https://live.staticflickr.com/65535/54204685210_6183f0e7d4_o.jpg
Nikon,image_200.jpg,./camera_dataset/train/Nikon/image_200.jpg,https://live.staticflickr.com/65535/54204685170_4bc105c92e_o.jpg
Nikon,image_201.jpg,./camera_dataset/train/Nikon/image_201.jpg,https://live.staticflickr.com/65535/54204685150_812ba613e3_o.jpg
Nikon,image_202.jpg,./camera_dataset/train/Nikon/image_202.jpg,https://live.staticflickr.com/65535/54204508603_2a1b8d6ff0_o.jpg
Nikon,image_203.jpg,./camera_dataset/train/Nikon/image_203.jpg,https://live.staticflickr.com/65535/54204263501_85bc8f0f9a_o.jpg
Nikon,image_204.jpg,./camera_dataset/train/Nikon/image_204.jpg,https://live.staticflickr.com/65535/54204263496_e873a30788_o.jpg
Nikon,image_205.jpg,./camera_dataset/train/Nikon/image_205.jpg,https://live.staticflickr.com/65535/54203366327_b3dcaf1307_o.jpg
Nikon,image_206.jpg,./camera_dataset/train/Nikon/image_206.jpg,https://live.staticflickr.com/65535/54204514644_e803622884_o.jpg
Nikon,image_208.jpg,./camera_dataset/train/Nikon/image_208.jpg,https://live.staticflickr.com/65535/54204685095_0ff0c54027_o.jpg
Nikon,image_209.jpg,./camera_dataset/train/Nikon/image_209.jpg,https://live.staticflickr.com/65535/54204263436_d3c25c0075_o.jpg
Nikon,image_210.jpg,./camera_dataset/train/Nikon/image_210.jpg,https://live.staticflickr.com/65535/54204685030_839c29f5ba_o.jpg
Nikon,image_211.jpg,./camera_dataset/train/Nikon/image_211.jpg,https://live.staticflickr.com/65535/54204514544_a45ff0eca3_o.jpg
Nikon,image_212.jpg,./camera_dataset/train/Nikon/image_212.jpg,https://live.staticflickr.com/65535/54204508373_f2161f1b9e_o.jpg
Nikon,image_213.jpg,./camera_dataset/train/Nikon/image_213.jpg,https://live.staticflickr.com/65535/54204508313_318999a8b4_o.jpg
Nikon,image_214.jpg,./camera_dataset/train/Nikon/image_214.jpg,https://live.staticflickr.com/65535/54204508273_3cf1622d20_o.jpg
Nikon,image_215.jpg,./camera_dataset/train/Nikon/image_215.jpg,https://live.staticflickr.com/65535/54204684870_b5dc973b59_o.jpg
Nikon,image_216.jpg,./camera_dataset/train/Nikon/image_216.jpg,https://live.staticflickr.com/65535/54204684875_f55116e993_o.jpg
Nikon,image_217.jpg,./camera_dataset/train/Nikon/image_217.jpg,https://live.staticflickr.com/65535/54204514339_662dcd871a_o.jpg
Nikon,image_218.jpg,./camera_dataset/train/Nikon/image_218.jpg,https://live.staticflickr.com/65535/54204514279_a9cffe61b3_o.jpg
Nikon,image_219.jpg,./camera_dataset/train/Nikon/image_219.jpg,https://live.staticflickr.com/65535/54204508133_767dacfb79_o.jpg
Nikon,image_220.jpg,./camera_dataset/train/Nikon/image_220.jpg,https://live.staticflickr.com/65535/54204508073_a28e7cdd7f_o.jpg
Nikon,image_221.jpg,./camera_dataset/train/Nikon/image_221.jpg,https://live.staticflickr.com/65535/54204684805_ea3197bc7b_o.jpg
Nikon,image_222.jpg,./camera_dataset/train/Nikon/image_222.jpg,https://live.staticflickr.com/65535/54203365867_7eeb174e79_o.jpg
Nikon,image_223.jpg,./camera_dataset/train/Nikon/image_223.jpg,https://live.staticflickr.com/65535/54203365797_3b3e8bb5c4_o.jpg
Nikon,image_224.jpg,./camera_dataset/train/Nikon/image_224.jpg,https://live.staticflickr.com/65535/54204262941_b0f8bbd83f_o.jpg
Nikon,image_225.jpg,./camera_dataset/train/Nikon/image_225.jpg,https://live.staticflickr.com/65535/54204684610_7f67011cd1_o.jpg
Nikon,image_226.jpg,./camera_dataset/train/Nikon/image_226.jpg,https://live.staticflickr.com/65535/54204684540_580cd5fd4b_o.jpg
Nikon,image_227.jpg,./camera_dataset/train/Nikon/image_227.jpg,https://live.staticflickr.com/65535/54204507863_d3f7b8f118_o.jpg
Nikon,image_228.jpg,./camera_dataset/train/Nikon/image_228.jpg,https://live.staticflickr.com/65535/54204507868_95a76f535d_o.jpg
Nikon,image_229.jpg,./camera_dataset/train/Nikon/image_229.jpg,https://live.staticflickr.com/65535/54203365667_5954f7be77_o.jpg
Nikon,image_231.jpg,./camera_dataset/train/Nikon/image_231.jpg,https://live.staticflickr.com/65535/54204506738_5f35210a5b_o.jpg
Nikon,image_232.jpg,./camera_dataset/train/Nikon/image_232.jpg,https://live.staticflickr.com/65535/54204261701_0beffe9d71_o.jpg
Nikon,image_234.jpg,./camera_dataset/train/Nikon/image_234.jpg,https://live.staticflickr.com/65535/54204261531_686a6e9be0_o.jpg
Nikon,image_235.jpg,./camera_dataset/train/Nikon/image_235.jpg,https://live.staticflickr.com/65535/54204512889_f5f9139f45_o.jpg
Nikon,image_236.jpg,./camera_dataset/train/Nikon/image_236.jpg,https://live.staticflickr.com/65535/54203364372_41a50b81ab_o.jpg
Nikon,image_237.jpg,./camera_dataset/train/Nikon/image_237.jpg,https://live.staticflickr.com/65535/54204683120_e59f2cc600_o.jpg
Nikon,image_248.jpg,./camera_dataset/train/Nikon/image_248.jpg,https://live.staticflickr.com/65535/54203360992_18de619bfa_o.jpg
Nikon,image_249.jpg,./camera_dataset/train/Nikon/image_249.jpg,https://live.staticflickr.com/65535/54204502648_b6373dddab_o.jpg
Nikon,image_258.jpg,./camera_dataset/train/Nikon/image_258.jpg,https://live.staticflickr.com/65535/54204674545_e4967ccdf6_o.jpg
Nikon,image_283.jpg,./camera_dataset/train/Nikon/image_283.jpg,https://live.staticflickr.com/65535/54203345502_eaa00c228a_o.jpg
Nikon,image_284.jpg,./camera_dataset/train/Nikon/image_284.jpg,https://live.staticflickr.com/65535/54203345507_bd92e5a402_o.jpg
Nikon,image_285.jpg,./camera_dataset/train/Nikon/image_285.jpg,https://live.staticflickr.com/65535/54204663815_518f97a5a2_o.jpg
Nikon,image_286.jpg,./camera_dataset/train/Nikon/image_286.jpg,https://live.staticflickr.com/65535/54204482248_fe423be134_o.jpg
Nikon,image_287.jpg,./camera_dataset/train/Nikon/image_287.jpg,https://live.staticflickr.com/65535/54204482223_e92719b3c1_o.jpg
Nikon,image_288.jpg,./camera_dataset/train/Nikon/image_288.jpg,https://live.staticflickr.com/65535/54204658585_560cf73abc_o.jpg
Nikon,image_289.jpg,./camera_dataset/train/Nikon/image_289.jpg,https://live.staticflickr.com/65535/54203340372_7605b95f30_o.jpg
Nikon,image_290.jpg,./camera_dataset/train/Nikon/image_290.jpg,https://live.staticflickr.com/65535/54204481843_f5e6474fbf_o.jpg
Nikon,image_291.jpg,./camera_dataset/train/Nikon/image_291.jpg,https://live.staticflickr.com/65535/54204237036_9792db52da_o.jpg
Nikon,image_292.jpg,./camera_dataset/train/Nikon/image_292.jpg,https://live.staticflickr.com/65535/54204658240_f13703c515_o.jpg
Nikon,image_293.jpg,./camera_dataset/train/Nikon/image_293.jpg,https://live.staticflickr.com/65535/54203340042_a1069f52f5_o.jpg
Nikon,image_294.jpg,./camera_dataset/train/Nikon/image_294.jpg,https://live.staticflickr.com/65535/54204658120_b9eee1d593_o.jpg
Nikon,image_295.jpg,./camera_dataset/train/Nikon/image_295.jpg,https://live.staticflickr.com/65535/54204481358_39ed6d96bb_o.jpg
Nikon,image_296.jpg,./camera_dataset/train/Nikon/image_296.jpg,https://live.staticflickr.com/65535/54203339822_81f952019f_o.jpg
Nikon,image_297.jpg,./camera_dataset/train/Nikon/image_297.jpg,https://live.staticflickr.com/65535/54204481218_8c9f45b2b3_o.jpg
Nikon,image_298.jpg,./camera_dataset/train/Nikon/image_298.jpg,https://live.staticflickr.com/65535/54204487259_c467d8a7a0_o.jpg
Nikon,image_299.jpg,./camera_dataset/train/Nikon/image_299.jpg,https://live.staticflickr.com/65535/54204487079_ef1d27e4e9_o.jpg
Nikon,image_300.jpg,./camera_dataset/train/Nikon/image_300.jpg,https://live.staticflickr.com/65535/54204480923_04169ef2b7_o.jpg
Nikon,image_301.jpg,./camera_dataset/train/Nikon/image_301.jpg,https://live.staticflickr.com/65535/54204236271_80c31edaf0_o.jpg
Nikon,image_302.jpg,./camera_dataset/train/Nikon/image_302.jpg,https://live.staticflickr.com/65535/54203339327_274d3b55fb_o.jpg
Nikon,image_303.jpg,./camera_dataset/train/Nikon/image_303.jpg,https://live.staticflickr.com/65535/54204486894_6912e22a55_o.jpg
Nikon,image_304.jpg,./camera_dataset/train/Nikon/image_304.jpg,https://live.staticflickr.com/65535/54204657430_7256c5e44e_o.jpg
Nikon,image_305.jpg,./camera_dataset/train/Nikon/image_305.jpg,https://live.staticflickr.com/65535/54204657325_d94b5194e5_o.jpg
Nikon,image_306.jpg,./camera_dataset/train/Nikon/image_306.jpg,https://live.staticflickr.com/65535/54203339087_2f4fe31f29_o.jpg
Nikon,image_307.jpg,./camera_dataset/train/Nikon/image_307.jpg,https://live.staticflickr.com/65535/54204480648_87d6a50caf_o.jpg
Nikon,image_308.jpg,./camera_dataset/train/Nikon/image_308.jpg,https://live.staticflickr.com/65535/54204235896_e41091eb6b_o.jpg
Nikon,image_309.jpg,./camera_dataset/train/Nikon/image_309.jpg,https://live.staticflickr.com/65535/54204657215_1efdc1c299_o.jpg
Nikon,image_310.jpg,./camera_dataset/train/Nikon/image_310.jpg,https://live.staticflickr.com/65535/54204486564_c7521c8f37_o.jpg
Nikon,image_311.jpg,./camera_dataset/train/Nikon/image_311.jpg,https://live.staticflickr.com/65535/54204486579_2161c5ecd6_o.jpg
Nikon,image_312.jpg,./camera_dataset/train/Nikon/image_312.jpg,https://live.staticflickr.com/65535/54204486484_69723cd46d_o.jpg
Nikon,image_313.jpg,./camera_dataset/train/Nikon/image_313.jpg,https://live.staticflickr.com/65535/54203338797_a26b864a25_o.jpg
Nikon,image_314.jpg,./camera_dataset/train/Nikon/image_314.jpg,https://live.staticflickr.com/65535/54204657100_5ebb7699ec_o.jpg
Nikon,image_315.jpg,./camera_dataset/train/Nikon/image_315.jpg,https://live.staticflickr.com/65535/54204480408_116f57e768_o.jpg
Nikon,image_316.jpg,./camera_dataset/train/Nikon/image_316.jpg,https://live.staticflickr.com/65535/54204656995_7801a55894_o.jpg
Nikon,image_317.jpg,./camera_dataset/train/Nikon/image_317.jpg,https://live.staticflickr.com/65535/54203338672_e577e13fa0_o.jpg
Nikon,image_318.jpg,./camera_dataset/train/Nikon/image_318.jpg,https://live.staticflickr.com/65535/54204486314_173eeafb1a_o.jpg
Nikon,image_319.jpg,./camera_dataset/train/Nikon/image_319.jpg,https://live.staticflickr.com/65535/54203338642_f9bdeeb454_o.jpg
Nikon,image_320.jpg,./camera_dataset/train/Nikon/image_320.jpg,https://live.staticflickr.com/65535/54204235661_573e9b7fb1_o.jpg
Nikon,image_321.jpg,./camera_dataset/train/Nikon/image_321.jpg,https://live.staticflickr.com/65535/54204480218_c7aedf261b_o.jpg
Nikon,image_322.jpg,./camera_dataset/train/Nikon/image_322.jpg,https://live.staticflickr.com/65535/54204486209_aa10bbc389_o.jpg
Nikon,image_323.jpg,./camera_dataset/train/Nikon/image_323.jpg,https://live.staticflickr.com/65535/54204480128_d45ed6e3cf_o.jpg
Nikon,image_324.jpg,./camera_dataset/train/Nikon/image_324.jpg,https://live.staticflickr.com/65535/54204486119_83779df8b1_o.jpg
Nikon,image_325.jpg,./camera_dataset/train/Nikon/image_325.jpg,https://live.staticflickr.com/65535/54204480038_9d75eb5752_o.jpg
Nikon,image_326.jpg,./camera_dataset/train/Nikon/image_326.jpg,https://live.staticflickr.com/65535/54203338367_1d3b787250_o.jpg
Nikon,image_327.jpg,./camera_dataset/train/Nikon/image_327.jpg,https://live.staticflickr.com/65535/54204485864_3bd46d73f3_o.jpg
Nikon,image_328.jpg,./camera_dataset/train/Nikon/image_328.jpg,https://live.staticflickr.com/65535/54204235241_de374c9f1f_o.jpg
Nikon,image_329.jpg,./camera_dataset/train/Nikon/image_329.jpg,https://live.staticflickr.com/65535/54204479773_9c46533e9f_o.jpg
Nikon,image_330.jpg,./camera_dataset/train/Nikon/image_330.jpg,https://live.staticflickr.com/65535/54203337917_190bbcc291_o.jpg
Nikon,image_331.jpg,./camera_dataset/train/Nikon/image_331.jpg,https://live.staticflickr.com/65535/54204485589_f488c67c89_o.jpg
Nikon,image_332.jpg,./camera_dataset/train/Nikon/image_332.jpg,https://live.staticflickr.com/65535/54204234886_95c49ddd27_o.jpg
Nikon,image_333.jpg,./camera_dataset/train/Nikon/image_333.jpg,https://live.staticflickr.com/65535/54204479618_dcd770b238_o.jpg
Nikon,image_334.jpg,./camera_dataset/train/Nikon/image_334.jpg,https://live.staticflickr.com/65535/54203337797_3dab66364c_o.jpg
Nikon,image_335.jpg,./camera_dataset/train/Nikon/image_335.jpg,https://live.staticflickr.com/65535/54204479553_b0a1367910_o.jpg
Nikon,image_336.jpg,./camera_dataset/train/Nikon/image_336.jpg,https://live.staticflickr.com/65535/54203337562_62ca98b482_o.jpg
Nikon,image_337.jpg,./camera_dataset/train/Nikon/image_337.jpg,https://live.staticflickr.com/65535/54204479328_55ae207cf4_o.jpg
Nikon,image_338.jpg,./camera_dataset/train/Nikon/image_338.jpg,https://live.staticflickr.com/65535/54203337492_557d1b00f4_o.jpg
Nikon,image_339.jpg,./camera_dataset/train/Nikon/image_339.jpg,https://live.staticflickr.com/65535/54204234586_8be4199d5d_o.jpg
Nikon,image_340.jpg,./camera_dataset/train/Nikon/image_340.jpg,https://live.staticflickr.com/65535/54204234521_d4333903a7_o.jpg
Nikon,image_341.jpg,./camera_dataset/train/Nikon/image_341.jpg,https://live.staticflickr.com/65535/54203337382_01d2cf7dd0_o.jpg
Nikon,image_342.jpg,./camera_dataset/train/Nikon/image_342.jpg,https://live.staticflickr.com/65535/54203337252_7b85d36bd4_o.jpg
Nikon,image_343.jpg,./camera_dataset/train/Nikon/image_343.jpg,https://live.staticflickr.com/65535/54204485114_67933c5464_o.jpg
Nikon,image_344.jpg,./camera_dataset/train/Nikon/image_344.jpg,https://live.staticflickr.com/65535/54204478963_97863e4139_o.jpg
Nikon,image_345.jpg,./camera_dataset/train/Nikon/image_345.jpg,https://live.staticflickr.com/65535/54204484944_cfc3dc496e_o.jpg
Nikon,image_346.jpg,./camera_dataset/train/Nikon/image_346.jpg,https://live.staticflickr.com/65535/54204655630_b417fc081b_o.jpg
Nikon,image_347.jpg,./camera_dataset/train/Nikon/image_347.jpg,https://live.staticflickr.com/65535/54204478788_f24323144a_o.jpg
Nikon,image_348.jpg,./camera_dataset/train/Nikon/image_348.jpg,https://live.staticflickr.com/65535/54204655540_49b9930cda_o.jpg
Nikon,image_349.jpg,./camera_dataset/train/Nikon/image_349.jpg,https://live.staticflickr.com/65535/54203336942_6f50b42a78_o.jpg
Nikon,image_350.jpg,./camera_dataset/train/Nikon/image_350.jpg,https://live.staticflickr.com/65535/54203336837_aedcf0bce3_o.jpg
Nikon,image_351.jpg,./camera_dataset/train/Nikon/image_351.jpg,https://live.staticflickr.com/65535/54204478543_2f12c38c13_o.jpg
Nikon,image_352.jpg,./camera_dataset/train/Nikon/image_352.jpg,https://live.staticflickr.com/65535/54204484484_7fac60a7e8_o.jpg
Nikon,image_353.jpg,./camera_dataset/train/Nikon/image_353.jpg,https://live.staticflickr.com/65535/54203333197_2e14e46faf_o.jpg
Nikon,image_354.jpg,./camera_dataset/train/Nikon/image_354.jpg,https://live.staticflickr.com/65535/54204477834_aa0acd5297_o.jpg
Nikon,image_378.jpg,./camera_dataset/train/Nikon/image_378.jpg,https://live.staticflickr.com/65535/54203331617_0b1637b547_o.jpg
Nikon,image_379.jpg,./camera_dataset/train/Nikon/image_379.jpg,https://live.staticflickr.com/65535/54204470938_f621a696c3_o.jpg
Nikon,image_381.jpg,./camera_dataset/train/Nikon/image_381.jpg,https://live.staticflickr.com/65535/54204466693_f0ab92cbe9_o.jpg
Nikon,image_382.jpg,./camera_dataset/train/Nikon/image_382.jpg,https://live.staticflickr.com/65535/54204635200_b1b27efa1b_o.jpg
Nikon,image_383.jpg,./camera_dataset/train/Nikon/image_383.jpg,https://live.staticflickr.com/65535/54204464234_5623f604ef_o.jpg
Nikon,image_385.jpg,./camera_dataset/train/Nikon/image_385.jpg,https://live.staticflickr.com/65535/54204455823_4b8f1acb92_o.jpg
